i,j,name_i,name_j,distance_m,rssi_dbm,per,adjacent
0,1,0,1,14.1421,-71.3674,0,1
0,2,0,2,115.313,-101.727,0.03,1
0,3,0,3,362.829,-82.8748,0,1
0,4,0,4,630.052,-92.7887,0,1
0,5,0,5,970.152,-103.506,0.4,1
0,6,0,6,1481.39,-100.96,0.006,1
0,7,0,7,38.2099,-72.7633,0,0
0,8,0,8,58.8982,-70.7718,0,0
0,9,0,9,77.1557,-85.2868,0,0
0,10,0,10,99.7647,-79.1062,0,0
0,11,0,11,125.252,-89.1483,0,0
0,12,0,12,147.187,-88.856,0,0
0,13,0,13,173.358,-103.245,0.15,0
0,14,0,14,208.01,-93.9086,0,0
0,15,0,15,234.293,-116.493,1,0
0,16,0,16,250.639,-101.21,0.006,0
0,17,0,17,269.676,-114.145,1,0
0,18,0,18,287.367,-97.6127,0,0
0,19,0,19,319.081,-94.2852,0,0
0,20,0,20,347.922,-109.915,1,0
0,21,0,21,369.899,-104.02,0.4,0
0,22,0,22,397.434,-91.8396,0,0
0,23,0,23,425.763,-101.998,0.03,0
0,24,0,24,457.542,-120.01,1,0
0,25,0,25,487.222,-94.6138,0,0
0,26,0,26,513.361,-86.9802,0,0
0,27,0,27,541.66,-107.727,1,0
0,28,0,28,565.701,-113.547,1,0
0,29,0,29,591.156,-123.669,1,0
0,30,0,30,619.427,-104.208,0.4,0
0,31,0,31,647.716,-106.192,1,0
0,32,0,32,670.433,-110.551,1,0
0,33,0,33,689.534,-105.675,1,0
0,34,0,34,717.207,-94.4046,0,0
0,35,0,35,739.024,-126.614,1,0
0,36,0,36,768.719,-97.3156,0,0
0,37,0,37,790.069,-120.765,1,0
0,38,0,38,812.69,-121.904,1,0
0,39,0,39,839.422,-118.795,1,0
0,40,0,40,857.055,-129.067,1,0
0,41,0,41,883.894,-122.715,1,0
0,42,0,42,909.449,-103.389,0.4,0
0,43,0,43,938.363,-94.8357,0,0
0,44,0,44,965.207,-119.062,1,0
0,45,0,45,981.473,-112.24,1,0
0,46,0,46,999.142,-126.724,1,0
0,47,0,47,1022.49,-126.47,1,0
0,48,0,48,1055.03,-127.926,1,0
0,49,0,49,1083.33,-125.537,1,0
0,50,0,50,1103.8,-95.9358,0,0
0,51,0,51,1129.3,-125.917,1,0
0,52,0,52,1148.45,-94.4406,0,0
0,53,0,53,1180.25,-104.038,0.4,0
0,54,0,54,1214.91,-100.16,0.0015,0
0,55,0,55,1242.41,-95.9312,0,0
0,56,0,56,1261.49,-128.82,1,0
0,57,0,57,1281.29,-120.65,1,0
0,58,0,58,1310.31,-97.9576,0,0
0,59,0,59,1339.98,-117.941,1,0
0,60,0,60,1369.7,-111.253,1,0
0,61,0,61,1393.84,-121.427,1,0
0,62,0,62,1418.49,-133.028,1,0
0,63,0,63,1443.93,-111.339,1,0
0,64,0,64,1466.55,-116.329,1,0
0,65,0,65,1497.65,-103.086,0.15,0
0,66,0,66,1529.48,-123.042,1,0
0,67,0,67,1559.88,-107.123,1,0
0,68,0,68,1583.24,-108.288,1,0
0,69,0,69,1607.27,-101.483,0.03,0
0,70,0,70,1627.81,-123.368,1,0
0,71,0,71,1648.29,-127.349,1,0
0,72,0,72,1665.25,-129.491,1,0
0,73,0,73,1685.77,-112.714,1,0
0,74,0,74,1711.98,-97.0777,0,0
0,75,0,DSO,14.1421,-56.0534,0,1
0,76,0,Market,14.1421,-84.6923,0,1
1,2,1,2,101.178,-96.7391,0,0
1,3,1,3,348.69,-122.079,1,0
1,4,1,4,615.91,-113.892,1,0
1,5,1,5,956.009,-121.212,1,0
1,6,1,6,1467.25,-106.946,1,0
1,7,1,7,24.0832,-70.5282,0,0
1,8,1,8,44.8219,-82.5514,0,0
1,9,1,9,63.0317,-99.2386,0,0
1,10,1,10,85.6329,-79.214,0,0
1,11,1,11,111.212,-76.7282,0,0
1,12,1,12,133.056,-77.0915,0,0
1,13,1,13,159.226,-93.6322,0,0
1,14,1,14,193.876,-96.1962,0,0
1,15,1,15,220.166,-114.875,1,0
1,16,1,16,236.516,-83.0003,0,0
1,17,1,17,255.548,-91.5702,0,0
1,18,1,18,273.24,-116.542,1,0
1,19,1,19,304.948,-92.8717,0,0
1,20,1,20,333.781,-86.9251,0,0
1,21,1,21,355.76,-87.9005,0,0
1,22,1,22,383.294,-104.339,0.4,0
1,23,1,23,411.624,-84.7409,0,0
1,24,1,24,443.402,-87.9571,0,0
1,25,1,25,473.08,-112.328,1,0
1,26,1,26,499.219,-122.316,1,0
1,27,1,27,527.519,-94.5861,0,0
1,28,1,28,551.56,-122.926,1,0
1,29,1,29,577.015,-97.5218,0,0
1,30,1,30,605.285,-99.2726,0,0
1,31,1,31,633.574,-107.375,1,0
1,32,1,32,656.293,-111.394,1,0
1,33,1,33,675.394,-90.4019,0,0
1,34,1,34,703.069,-111.253,1,0
1,35,1,35,724.884,-111.846,1,0
1,36,1,36,754.579,-113.788,1,0
1,37,1,37,775.931,-95.3418,0,0
1,38,1,38,798.552,-127.984,1,0
1,39,1,39,825.281,-113.58,1,0
1,40,1,40,842.914,-100.631,0.006,0
1,41,1,41,869.752,-118.454,1,0
1,42,1,42,895.309,-99.9563,0.0015,0
1,43,1,43,924.221,-95.0851,0,0
1,44,1,44,951.065,-112.578,1,0
1,45,1,45,967.331,-107.95,1,0
1,46,1,46,985,-129.542,1,0
1,47,1,47,1008.34,-119.524,1,0
1,48,1,48,1040.89,-111.747,1,0
1,49,1,49,1069.19,-108.824,1,0
1,50,1,50,1089.66,-114.046,1,0
1,51,1,51,1115.16,-94.6211,0,0
1,52,1,52,1134.31,-123.39,1,0
1,53,1,53,1166.11,-114.447,1,0
1,54,1,54,1200.77,-95.0792,0,0
1,55,1,55,1228.27,-120.014,1,0
1,56,1,56,1247.34,-99.1946,0,0
1,57,1,57,1267.15,-114.328,1,0
1,58,1,58,1296.17,-125.626,1,0
1,59,1,59,1325.83,-131.91,1,0
1,60,1,60,1355.55,-95.5106,0,0
1,61,1,61,1379.7,-117.934,1,0
1,62,1,62,1404.35,-129.951,1,0
1,63,1,63,1429.79,-130.918,1,0
1,64,1,64,1452.4,-116.549,1,0
1,65,1,65,1483.51,-100.601,0.006,0
1,66,1,66,1515.34,-113.206,1,0
1,67,1,67,1545.74,-101.03,0.006,0
1,68,1,68,1569.1,-131.275,1,0
1,69,1,69,1593.12,-128.017,1,0
1,70,1,70,1613.67,-110.936,1,0
1,71,1,71,1634.15,-111.849,1,0
1,72,1,72,1651.11,-117.569,1,0
1,73,1,73,1671.63,-102.753,0.15,0
1,74,1,74,1697.84,-122.366,1,0
1,75,1,DSO,28.2843,-97.8074,0,0
1,76,1,Market,28.2843,-75.1575,0,0
2,3,2,3,247.524,-93.4592,0,0
2,4,2,4,514.844,-108.75,1,0
2,5,2,5,854.906,-120.347,1,0
2,6,2,6,1366.13,-119.9,1,0
2,7,2,7,77.1038,-98.4576,0,1
2,8,2,8,57.2014,-71.8769,0,1
2,9,2,9,38.833,-98.7925,0,1
2,10,2,10,15.5563,-83.1225,0,1
2,11,2,11,14.0357,-79.5678,0,1
2,12,2,12,31.8904,-87.6594,0,1
2,13,2,13,58.0517,-96.9902,0,1
2,14,2,14,92.6984,-85.1752,0,1
2,15,2,15,119.004,-87.1434,0,0
2,16,2,16,135.37,-104.836,0.8,0
2,17,2,17,154.383,-86.2453,0,0
2,18,2,18,172.073,-90.6517,0,0
2,19,2,19,203.769,-113.694,1,0
2,20,2,20,232.639,-109.121,1,0
2,21,2,21,254.594,-96.9168,0,0
2,22,2,22,282.144,-115.939,1,0
2,23,2,23,310.459,-120.11,1,0
2,24,2,24,342.251,-82.8299,0,0
2,25,2,25,371.941,-109.623,1,0
2,26,2,26,398.107,-103.601,0.4,0
2,27,2,27,426.386,-109.14,1,0
2,28,2,28,450.494,-87.7017,0,0
2,29,2,29,475.883,-89.8161,0,0
2,30,2,30,504.172,-117.206,1,0
2,31,2,31,532.489,-124.182,1,0
2,32,2,32,555.277,-89.1291,0,0
2,33,2,33,574.381,-104.857,0.8,0
2,34,2,34,602.097,-101.482,0.03,0
2,35,2,35,623.862,-110.714,1,0
2,36,2,36,653.552,-125.655,1,0
2,37,2,37,674.959,-104.587,0.8,0
2,38,2,38,697.574,-103.74,0.4,0
2,39,2,39,724.244,-98.355,0,0
2,40,2,40,741.852,-119.599,1,0
2,41,2,41,768.664,-125.526,1,0
2,42,2,42,794.278,-120.539,1,0
2,43,2,43,823.15,-112.933,1,0
2,44,2,44,849.972,-102.319,0.03,0
2,45,2,45,866.241,-90.5438,0,0
2,46,2,46,883.894,-121.514,1,0
2,47,2,47,907.218,-115.516,1,0
2,48,2,48,939.752,-97.2537,0,0
2,49,2,49,968.05,-104.46,0.8,0
2,50,2,50,988.536,-114.721,1,0
2,51,2,51,1014.02,-112.879,1,0
2,52,2,52,1033.15,-92.3198,0,0
2,53,2,53,1064.96,-127.661,1,0
2,54,2,54,1099.62,-120.863,1,0
2,55,2,55,1127.14,-107.007,1,0
2,56,2,56,1146.22,-111.687,1,0
2,57,2,57,1166.02,-129.352,1,0
2,58,2,58,1195.03,-123.807,1,0
2,59,2,59,1224.71,-118.371,1,0
2,60,2,60,1254.42,-112.341,1,0
2,61,2,61,1278.54,-94.4434,0,0
2,62,2,62,1303.21,-104.737,0.8,0
2,63,2,63,1328.66,-131.322,1,0
2,64,2,64,1351.28,-127.559,1,0
2,65,2,65,1382.4,-122.125,1,0
2,66,2,66,1414.21,-116.74,1,0
2,67,2,67,1444.62,-134.764,1,0
2,68,2,68,1468.01,-97.814,0,0
2,69,2,69,1492.03,-102.045,0.03,0
2,70,2,70,1512.59,-114.17,1,0
2,71,2,71,1533.06,-100.873,0.006,0
2,72,2,72,1550.02,-125.194,1,0
2,73,2,73,1570.54,-132.901,1,0
2,74,2,74,1596.77,-103.419,0.4,0
2,75,2,DSO,129.449,-101.791,0.03,0
2,76,2,Market,129.449,-92.4906,0,0
3,4,3,4,267.589,-82.8656,0,0
3,5,3,5,607.474,-96.5613,0,0
3,6,3,6,1118.67,-122.869,1,0
3,7,3,7,324.624,-102.234,0.03,0
3,8,3,8,304.322,-111.498,1,0
3,9,3,9,285.895,-89.1431,0,0
3,10,3,10,263.078,-116.999,1,0
3,11,3,11,238.38,-81.1938,0,0
3,12,3,12,215.678,-106.813,1,0
3,13,3,13,189.51,-97.9833,0,0
3,14,3,14,154.858,-80.4457,0,0
3,15,3,15,128.725,-80.7606,0,1
3,16,3,16,112.539,-73.4975,0,1
3,17,3,17,93.4345,-86.9389,0,1
3,18,3,18,75.8222,-70.3206,0,1
3,19,3,19,43.9318,-68.8264,0,1
3,20,3,20,15.2643,-56.482,0,1
3,21,3,21,7.07107,-69.0583,0,1
3,22,3,22,34.7131,-72.3345,0,1
3,23,3,23,62.9365,-71.7397,0,1
3,24,3,24,94.7629,-82.7577,0,1
3,25,3,25,124.483,-95.1316,0,1
3,26,3,26,150.748,-84.5116,0,1
3,27,3,27,178.933,-98.8429,0,0
3,28,3,28,203.295,-116.545,1,0
3,29,3,29,228.423,-112.532,1,0
3,30,3,30,256.759,-90.9995,0,0
3,31,3,31,285.161,-85.745,0,0
3,32,3,32,308.183,-90.7973,0,0
3,33,3,33,327.283,-93.142,0,0
3,34,3,34,355.124,-86.3461,0,0
3,35,3,35,376.701,-106.627,1,0
3,36,3,36,406.362,-106.657,1,0
3,37,3,37,427.937,-123.088,1,0
3,38,3,38,450.522,-101.468,0.03,0
3,39,3,39,477.001,-107.688,1,0
3,40,3,40,494.535,-100.274,0.0015,0
3,41,3,41,521.276,-86.7635,0,0
3,42,3,42,547.033,-118.956,1,0
3,43,3,43,575.795,-118.907,1,0
3,44,3,44,602.561,-98.8666,0,0
3,45,3,45,618.835,-96.8267,0,0
3,46,3,46,636.453,-116.447,1,0
3,47,3,47,659.74,-120.348,1,0
3,48,3,48,692.258,-112.999,1,0
3,49,3,49,720.545,-104.344,0.4,0
3,50,3,50,741.053,-106.15,1,0
3,51,3,51,766.509,-123.908,1,0
3,52,3,52,785.634,-119.656,1,0
3,53,3,53,817.446,-119.81,1,0
3,54,3,54,852.099,-107.399,1,0
3,55,3,55,879.641,-112.812,1,0
3,56,3,56,898.74,-107.884,1,0
3,57,3,57,918.534,-96.3963,0,0
3,58,3,58,947.527,-105.684,1,0
3,59,3,59,977.226,-93.8728,0,0
3,60,3,60,1006.92,-97.8697,0,0
3,61,3,61,1031.02,-96.7953,0,0
3,62,3,62,1055.71,-129.635,1,0
3,63,3,63,1081.17,-94.1361,0,0
3,64,3,64,1103.8,-129.19,1,0
3,65,3,65,1134.92,-97.0753,0,0
3,66,3,66,1166.73,-124.294,1,0
3,67,3,67,1197.16,-102.268,0.03,0
3,68,3,68,1220.58,-118.061,1,0
3,69,3,69,1244.59,-122.096,1,0
3,70,3,70,1265.18,-95.1592,0,0
3,71,3,71,1285.63,-116.247,1,0
3,72,3,72,1302.58,-120.145,1,0
3,73,3,73,1323.11,-94.6104,0,0
3,74,3,74,1349.37,-99.4696,0.0015,0
3,75,3,DSO,376.968,-86.0813,0,0
3,76,3,Market,376.968,-94.9767,0,0
4,5,4,5,340.137,-121,1,0
4,6,4,6,851.375,-104.711,0.8,0
4,7,4,7,591.883,-109.845,1,0
4,8,4,8,571.342,-97.7999,0,0
4,9,4,9,552.959,-94.6618,0,0
4,10,4,10,530.398,-89.127,0,0
4,11,4,11,505.942,-95.8512,0,0
4,12,4,12,483.07,-91.4419,0,0
4,13,4,13,456.931,-114.626,1,0
4,14,4,14,422.314,-90.6537,0,0
4,15,4,15,396.285,-91.4535,0,0
4,16,4,16,380.128,-120.823,1,0
4,17,4,17,361.024,-106.081,1,0
4,18,4,18,343.402,-97.2376,0,0
4,19,4,19,311.516,-120.347,1,0
4,20,4,20,282.285,-82.6907,0,0
4,21,4,21,260.526,-113.866,1,0
4,22,4,22,232.88,-108.657,1,0
4,23,4,23,204.795,-87.4965,0,0
4,24,4,24,172.905,-88.3795,0,0
4,25,4,25,143.178,-94.5445,0,0
4,26,4,26,116.846,-81.2028,0,0
4,27,4,27,88.8651,-95.4491,0,1
4,28,4,28,64.3506,-101.006,0.006,1
4,29,4,29,39.9625,-99.4301,0.0015,1
4,30,4,30,12.3693,-59.7948,0,1
4,31,4,31,17.8045,-87.0607,0,1
4,32,4,32,40.8044,-64.6334,0,1
4,33,4,33,59.8164,-93.2574,0,1
4,34,4,34,87.8009,-73.3471,0,1
4,35,4,35,109.124,-74.0219,0,0
4,36,4,36,138.773,-93.9761,0,0
4,37,4,37,160.431,-108.337,1,0
4,38,4,38,182.981,-101.177,0.006,0
4,39,4,39,209.423,-108.6,1,0
4,40,4,40,227.009,-101.551,0.03,0
4,41,4,41,253.852,-97.9791,0,0
4,42,4,42,279.458,-93.297,0,0
4,43,4,43,308.312,-102.729,0.15,0
4,44,4,44,335.172,-121.726,1,0
4,45,4,45,351.433,-86.9665,0,0
4,46,4,46,369.134,-106.21,1,0
4,47,4,47,392.552,-89.3955,0,0
4,48,4,48,425.141,-99.4525,0.0015,0
4,49,4,49,453.499,-105.159,0.8,0
4,50,4,50,473.865,-107.227,1,0
4,51,4,51,499.46,-94.2722,0,0
4,52,4,52,518.715,-115.788,1,0
4,53,4,53,550.485,-123.149,1,0
4,54,4,54,585.137,-113.791,1,0
4,55,4,55,612.487,-105.904,1,0
4,56,4,56,631.513,-98.2806,0,0
4,57,4,57,651.332,-93.2429,0,0
4,58,4,58,680.415,-90.9851,0,0
4,59,4,59,710.004,-119.271,1,0
4,60,4,60,739.769,-103.861,0.4,0
4,61,4,61,764.054,-97.848,0,0
4,62,4,62,788.564,-114.802,1,0
4,63,4,63,813.969,-92.8587,0,0
4,64,4,64,836.558,-98.5331,0,0
4,65,4,65,867.643,-94.2598,0,0
4,66,4,66,899.494,-120.866,1,0
4,67,4,67,929.859,-97.5328,0,0
4,68,4,68,953.189,-93.9212,0,0
4,69,4,69,977.223,-105.735,1,0
4,70,4,70,997.758,-102.069,0.03,0
4,71,4,71,1018.24,-95.6455,0,0
4,72,4,72,1035.21,-124.167,1,0
4,73,4,73,1055.72,-97.8777,0,0
4,74,4,74,1081.93,-100.098,0.0015,0
4,75,4,DSO,644.193,-125.097,1,0
4,76,4,Market,644.193,-113.435,1,0
5,6,5,6,511.243,-108.912,1,0
5,7,5,7,931.971,-112.051,1,0
5,8,5,8,911.467,-124.457,1,0
5,9,5,9,893.078,-127.686,1,0
5,10,5,10,870.463,-115.403,1,0
5,11,5,11,845.843,-100.754,0.006,0
5,12,5,12,823.103,-102.966,0.15,0
5,13,5,13,796.947,-92.3432,0,0
5,14,5,14,762.308,-118.439,1,0
5,15,5,15,736.196,-118.419,1,0
5,16,5,16,719.974,-109.732,1,0
5,17,5,17,700.872,-119.476,1,0
5,18,5,18,683.212,-117.84,1,0
5,19,5,19,651.356,-124.265,1,0
5,20,5,20,622.28,-94.1722,0,0
5,21,5,21,600.404,-124.524,1,0
5,22,5,22,572.8,-114.319,1,0
5,23,5,23,544.562,-86.9552,0,0
5,24,5,24,512.711,-102.946,0.15,0
5,25,5,25,482.996,-94.7296,0,0
5,26,5,26,456.8,-114.013,1,0
5,27,5,27,428.544,-108.987,1,0
5,28,5,28,404.475,-114.067,1,0
5,29,5,29,379.051,-121.211,1,0
5,30,5,30,350.736,-98.4803,0,0
5,31,5,31,322.444,-119.852,1,0
5,32,5,32,299.977,-118.226,1,0
5,33,5,33,280.922,-102.914,0.15,0
5,34,5,34,253.622,-87.9003,0,0
5,35,5,35,231.467,-79.2861,0,1
5,36,5,36,201.804,-103.437,0.4,1
5,37,5,37,181.177,-92.4386,0,1
5,38,5,38,158.673,-87.4667,0,1
5,39,5,39,131.244,-93.4774,0,1
5,40,5,40,113.358,-79.4433,0,1
5,41,5,41,86.3134,-94.5702,0,1
5,42,5,42,62.1289,-68.5061,0,1
5,43,5,43,32.45,-83.8824,0,1
5,44,5,44,5.38516,-64.3802,0,1
5,45,5,45,11.6619,-90.0589,0,1
5,46,5,46,29,-93.2577,0,1
5,47,5,47,52.6308,-102.85,0.15,1
5,48,5,48,85.276,-85.0278,0,1
5,49,5,49,113.701,-88.5865,0,1
5,50,5,50,133.795,-98.5733,0,1
5,51,5,51,159.552,-77.1282,0,1
5,52,5,52,178.997,-83.6914,0,1
5,53,5,53,210.64,-92.3301,0,1
5,54,5,54,245.247,-84.5215,0,1
5,55,5,55,272.391,-83.5209,0,0
5,56,5,56,291.383,-86.3687,0,0
5,57,5,57,311.207,-109.265,1,0
5,58,5,58,340.331,-102.541,0.15,0
5,59,5,59,369.872,-83.5457,0,0
5,60,5,60,399.656,-84.5709,0,0
5,61,5,61,424.053,-102.606,0.15,0
5,62,5,62,448.448,-122.629,1,0
5,63,5,63,473.838,-123.641,1,0
5,64,5,64,496.421,-118.678,1,0
5,65,5,65,527.509,-99.4882,0.0015,0
5,66,5,66,559.358,-87.2308,0,0
5,67,5,67,589.729,-105.973,1,0
5,68,5,68,613.111,-94.4748,0,0
5,69,5,69,637.122,-91.9763,0,0
5,70,5,70,657.707,-101.319,0.006,0
5,71,5,71,678.16,-108.426,1,0
5,72,5,72,695.115,-93.7572,0,0
5,73,5,73,715.642,-124.198,1,0
5,74,5,74,741.904,-121.463,1,0
5,75,5,DSO,984.294,-112.914,1,0
5,76,5,Market,984.294,-105.328,0.8,0
6,7,6,7,1443.21,-106.122,1,0
6,8,6,8,1422.71,-132.343,1,0
6,9,6,9,1404.32,-108.809,1,0
6,10,6,10,1381.69,-117.765,1,0
6,11,6,11,1357,-130.179,1,0
6,12,6,12,1334.32,-129.335,1,0
6,13,6,13,1308.16,-103.669,0.4,0
6,14,6,14,1273.52,-127.566,1,0
6,15,6,15,1247.38,-94.5515,0,0
6,16,6,16,1231.13,-129.698,1,0
6,17,6,17,1212.03,-131.976,1,0
6,18,6,18,1194.36,-111.614,1,0
6,19,6,19,1162.53,-110.183,1,0
6,20,6,20,1133.5,-114.618,1,0
6,21,6,21,1111.59,-106.447,1,0
6,22,6,22,1084.01,-124.321,1,0
6,23,6,23,1055.74,-115.23,1,0
6,24,6,24,1023.91,-103.31,0.15,0
6,25,6,25,994.201,-96.6867,0,0
6,26,6,26,968.029,-111.004,1,0
6,27,6,27,939.752,-129.138,1,0
6,28,6,28,915.717,-114.876,1,0
6,29,6,29,890.254,-103.211,0.15,0
6,30,6,30,861.963,-91.0073,0,0
6,31,6,31,833.686,-128.21,1,0
6,32,6,32,811.141,-113.597,1,0
6,33,6,33,792.062,-98.3871,0,0
6,34,6,34,764.587,-106.692,1,0
6,35,6,35,742.571,-99.039,0,0
6,36,6,36,712.877,-121.031,1,0
6,37,6,37,691.834,-123.028,1,0
6,38,6,38,669.216,-100.797,0.006,0
6,39,6,39,642.179,-97.2401,0,0
6,40,6,40,624.443,-123.302,1,0
6,41,6,41,597.526,-119.807,1,0
6,42,6,42,572.242,-109.942,1,0
6,43,6,43,543.124,-108.13,1,0
6,44,6,44,516.205,-93.2931,0,0
6,45,6,45,499.949,-93.3051,0,0
6,46,6,46,482.249,-116.859,1,0
6,47,6,47,458.926,-108.465,1,0
6,48,6,48,426.433,-108.754,1,0
6,49,6,49,398.207,-85.6039,0,0
6,50,6,50,377.619,-85.3736,0,0
6,51,6,51,352.278,-83.2488,0,0
6,52,6,52,333.378,-98.9427,0,0
6,53,6,53,301.559,-83.2521,0,0
6,54,6,54,266.993,-107.369,1,0
6,55,6,55,239.107,-95.2247,0,1
6,56,6,56,219.939,-101.598,0.03,1
6,57,6,57,200.172,-77.7204,0,1
6,58,6,58,171.406,-91.4199,0,1
6,59,6,59,141.485,-84.8785,0,1
6,60,6,60,112.045,-75.9542,0,1
6,61,6,61,89.5879,-94.9098,0,1
6,62,6,62,63.6003,-74.0556,0,1
6,63,6,63,38.0132,-96.4287,0,1
6,64,6,64,15.2643,-63.7295,0,1
6,65,6,65,16.2788,-78.8971,0,1
6,66,6,66,48.2701,-82.0451,0,1
6,67,6,67,78.492,-94.6958,0,1
6,68,6,68,102.303,-85.7816,0,1
6,69,6,69,126.063,-85.111,0,1
6,70,6,70,146.986,-103.017,0.15,1
6,71,6,71,167.171,-99.6127,0.0015,1
6,72,6,72,184.043,-79.9636,0,1
6,73,6,73,204.629,-79.3543,0,1
6,74,6,74,231.141,-79.1403,0,1
6,75,6,DSO,1495.53,-108.079,1,0
6,76,6,Market,1495.53,-105.74,1,0
7,8,7,8,21.4709,-85.1448,0,1
7,9,7,9,39.2046,-82.238,0,1
7,10,7,10,61.5549,-85.4964,0,1
7,11,7,11,87.2009,-84.8793,0,1
7,12,7,12,108.977,-87.707,0,1
7,13,7,13,135.148,-83.9011,0,1
7,14,7,14,169.8,-92.7074,0,1
7,15,7,15,196.084,-78.4518,0,0
7,16,7,16,212.434,-94.2798,0,0
7,17,7,17,231.467,-100.233,0.0015,0
7,18,7,18,249.159,-92.3011,0,0
7,19,7,19,280.872,-85.8542,0,0
7,20,7,20,309.726,-106.373,1,0
7,21,7,21,331.694,-104.549,0.8,0
7,22,7,22,359.235,-99.9937,0.0015,0
7,23,7,23,387.559,-90.1562,0,0
7,24,7,24,419.344,-123.08,1,0
7,25,7,25,449.027,-101.565,0.03,0
7,26,7,26,475.176,-112.325,1,0
7,27,7,27,503.468,-113.103,1,0
7,28,7,28,527.532,-94.064,0,0
7,29,7,29,552.965,-97.4862,0,0
7,30,7,30,581.242,-104.031,0.4,0
7,31,7,31,609.541,-87.7762,0,0
7,32,7,32,632.282,-101.428,0.03,0
7,33,7,33,651.384,-96.7476,0,0
7,34,7,34,679.071,-120.22,1,0
7,35,7,35,700.872,-89.8672,0,0
7,36,7,36,730.565,-124.149,1,0
7,37,7,37,751.934,-126.595,1,0
7,38,7,38,774.553,-125.611,1,0
7,39,7,39,801.265,-121.035,1,0
7,40,7,40,818.889,-116.45,1,0
7,41,7,41,845.719,-110.924,1,0
7,42,7,42,871.294,-101.288,0.006,0
7,43,7,43,900.194,-91.4214,0,0
7,44,7,44,927.03,-101.113,0.006,0
7,45,7,45,943.297,-103.121,0.15,0
7,46,7,46,960.96,-125.526,1,0
7,47,7,47,984.297,-113.168,1,0
7,48,7,48,1016.84,-112.93,1,0
7,49,7,49,1045.14,-126.455,1,0
7,50,7,50,1065.62,-124.315,1,0
7,51,7,51,1091.1,-99.8381,0.0015,0
7,52,7,52,1110.25,-115.484,1,0
7,53,7,53,1142.06,-96.1718,0,0
7,54,7,54,1176.71,-122.415,1,0
7,55,7,55,1204.22,-95.0612,0,0
7,56,7,56,1223.3,-114.187,1,0
7,57,7,57,1243.1,-111.319,1,0
7,58,7,58,1272.12,-124.602,1,0
7,59,7,59,1301.79,-94.7398,0,0
7,60,7,60,1331.5,-116.917,1,0
7,61,7,61,1355.64,-97.0004,0,0
7,62,7,62,1380.3,-113.104,1,0
7,63,7,63,1405.74,-127.105,1,0
7,64,7,64,1428.36,-108.481,1,0
7,65,7,65,1459.47,-120.412,1,0
7,66,7,66,1491.29,-97.8758,0,0
7,67,7,67,1521.69,-126.237,1,0
7,68,7,68,1545.06,-110.572,1,0
7,69,7,69,1569.09,-123.816,1,0
7,70,7,70,1589.64,-98.8872,0,0
7,71,7,71,1610.12,-105.342,0.8,0
7,72,7,72,1627.08,-135.217,1,0
7,73,7,73,1647.6,-97.7899,0,0
7,74,7,74,1673.82,-103.415,0.4,0
7,75,7,DSO,52.345,-77.3024,0,0
7,76,7,Market,52.345,-98.5281,0,0
8,9,8,9,18.4391,-91.5946,0,1
8,10,8,10,41.8808,-99.115,0,1
8,11,8,11,68.4763,-71.3119,0,1
8,12,8,12,89.0225,-98.2027,0,1
8,13,8,13,115.109,-99.3116,0,1
8,14,8,14,149.683,-97.9594,0,1
8,15,8,15,176.051,-84.0841,0,0
8,16,8,16,192.44,-83.801,0,0
8,17,8,17,211.4,-99.0698,0,0
8,18,8,18,229.079,-97.5511,0,0
8,19,8,19,260.68,-116.154,1,0
8,20,8,20,289.353,-94.7116,0,0
8,21,8,21,311.387,-100.548,0.006,0
8,22,8,22,338.87,-91.2785,0,0
8,23,8,23,367.234,-116.856,1,0
8,24,8,24,398.969,-107.395,1,0
8,25,8,25,428.621,-117.869,1,0
8,26,8,26,454.714,-97.3218,0,0
8,27,8,27,483.041,-90.9271,0,0
8,28,8,28,506.996,-122.429,1,0
8,29,8,29,532.531,-107.815,1,0
8,30,8,30,560.772,-123.037,1,0
8,31,8,31,589.024,-105.762,1,0
8,32,8,32,611.68,-97.6914,0,0
8,33,8,33,630.779,-96.4211,0,0
8,34,8,34,658.426,-92.482,0,0
8,35,8,35,680.273,-105.963,1,0
8,36,8,36,709.97,-96.4195,0,0
8,37,8,37,731.285,-108.169,1,0
8,38,8,38,753.908,-109.206,1,0
8,39,8,39,780.678,-102.857,0.15,0
8,40,8,40,798.331,-118.863,1,0
8,41,8,41,825.194,-90.3638,0,0
8,42,8,42,850.699,-98.5995,0,0
8,43,8,43,879.645,-110.781,1,0
8,44,8,44,906.512,-100.745,0.006,0
8,45,8,45,922.775,-117.904,1,0
8,46,8,46,940.462,-125.21,1,0
8,47,8,47,963.83,-93.5746,0,0
8,48,8,48,996.386,-108.279,1,0
8,49,8,49,1024.71,-98.1914,0,0
8,50,8,50,1045.15,-116.727,1,0
8,51,8,51,1070.67,-116.473,1,0
8,52,8,52,1089.84,-101.77,0.03,0
8,53,8,53,1121.65,-105.442,1,0
8,54,8,54,1156.3,-97.0163,0,0
8,55,8,55,1183.77,-128.762,1,0
8,56,8,56,1202.82,-113.915,1,0
8,57,8,57,1222.63,-125.037,1,0
8,58,8,58,1251.68,-112.712,1,0
8,59,8,59,1281.32,-102.529,0.15,0
8,60,8,60,1311.05,-100.135,0.0015,0
8,61,8,61,1335.23,-102.196,0.03,0
8,62,8,62,1359.85,-119.218,1,0
8,63,8,63,1385.27,-121.725,1,0
8,64,8,64,1407.88,-116.408,1,0
8,65,8,65,1438.98,-101.086,0.006,0
8,66,8,66,1470.82,-121.193,1,0
8,67,8,67,1501.2,-115.619,1,0
8,68,8,68,1524.53,-101.121,0.006,0
8,69,8,69,1548.56,-134.997,1,0
8,70,8,70,1569.09,-125.65,1,0
8,71,8,71,1589.58,-101.49,0.03,0
8,72,8,72,1606.55,-104.676,0.8,0
8,73,8,73,1627.06,-97.8363,0,0
8,74,8,74,1653.25,-116.817,1,0
8,75,8,DSO,73,-104.905,0.8,0
8,76,8,Market,73,-100.355,0.0015,0
9,10,9,10,23.7065,-87.7868,0,1
9,11,9,11,50.5668,-66.6467,0,1
9,12,9,12,70.6045,-81.066,0,1
9,13,9,13,96.6747,-84.357,0,1
9,14,9,14,131.244,-89.7554,0,1
9,15,9,15,157.613,-110.545,1,0
9,16,9,16,174.003,-79.7187,0,0
9,17,9,17,192.961,-111.174,1,0
9,18,9,18,210.64,-92.2319,0,0
9,19,9,19,242.244,-100.899,0.006,0
9,20,9,20,270.934,-80.374,0,0
9,21,9,21,292.961,-115.677,1,0
9,22,9,22,320.451,-106.777,1,0
9,23,9,23,348.811,-120.52,1,0
9,24,9,24,380.552,-91.2953,0,0
9,25,9,25,410.21,-116.993,1,0
9,26,9,26,436.313,-109.477,1,0
9,27,9,27,464.634,-119.183,1,0
9,28,9,28,488.611,-98.3135,0,0
9,29,9,29,514.125,-89.8473,0,0
9,30,9,30,542.373,-88.2549,0,0
9,31,9,31,570.636,-112.856,1,0
9,32,9,32,593.314,-116.076,1,0
9,33,9,33,612.413,-115.558,1,0
9,34,9,34,640.073,-118.171,1,0
9,35,9,35,661.906,-112.502,1,0
9,36,9,36,691.602,-104.726,0.8,0
9,37,9,37,712.933,-120.722,1,0
9,38,9,38,735.556,-117.182,1,0
9,39,9,39,762.308,-90.7017,0,0
9,40,9,40,779.954,-112.932,1,0
9,41,9,41,806.809,-120.621,1,0
9,42,9,42,832.332,-128.865,1,0
9,43,9,43,861.267,-119.648,1,0
9,44,9,44,888.126,-102.801,0.15,0
9,45,9,45,904.39,-101.191,0.006,0
9,46,9,46,922.072,-103.522,0.4,0
9,47,9,47,945.434,-101.472,0.03,0
9,48,9,48,977.986,-100.541,0.006,0
9,49,9,49,1006.3,-117.023,1,0
9,50,9,50,1026.75,-118.799,1,0
9,51,9,51,1052.27,-105.931,1,0
9,52,9,52,1071.44,-123.432,1,0
9,53,9,53,1103.24,-124.393,1,0
9,54,9,54,1137.89,-113.305,1,0
9,55,9,55,1165.37,-110.851,1,0
9,56,9,56,1184.43,-117.757,1,0
9,57,9,57,1204.24,-124.6,1,0
9,58,9,58,1233.28,-95.3239,0,0
9,59,9,59,1262.92,-133.323,1,0
9,60,9,60,1292.65,-111.75,1,0
9,61,9,61,1316.83,-106.077,1,0
9,62,9,62,1341.45,-132.948,1,0
9,63,9,63,1366.88,-100.111,0.0015,0
9,64,9,64,1389.49,-108.916,1,0
9,65,9,65,1420.59,-130.778,1,0
9,66,9,66,1452.42,-117.079,1,0
9,67,9,67,1482.81,-116.76,1,0
9,68,9,68,1506.15,-111.688,1,0
9,69,9,69,1530.18,-134.361,1,0
9,70,9,70,1550.71,-134.129,1,0
9,71,9,71,1571.2,-121.065,1,0
9,72,9,72,1588.17,-103.816,0.4,0
9,73,9,73,1608.68,-135.562,1,0
9,74,9,74,1634.88,-135.659,1,0
9,75,9,DSO,91.2853,-92.7271,0,0
9,76,9,Market,91.2853,-97.2522,0,0
10,11,10,11,26.9258,-81.3366,0,1
10,12,10,12,47.4236,-97.5592,0,1
10,13,10,13,73.5935,-74.4301,0,1
10,14,10,14,108.245,-90.6904,0,1
10,15,10,15,134.536,-88.4812,0,0
10,16,10,16,150.894,-110.742,1,0
10,17,10,17,169.918,-77.3297,0,0
10,18,10,18,187.609,-98.4986,0,0
10,19,10,19,219.317,-84.9135,0,0
10,20,10,20,248.195,-102.663,0.15,0
10,21,10,21,270.148,-110.134,1,0
10,22,10,22,297.7,-117.852,1,0
10,23,10,23,326.014,-83.1569,0,0
10,24,10,24,357.807,-95.315,0,0
10,25,10,25,387.497,-98.1033,0,0
10,26,10,26,413.663,-113.055,1,0
10,27,10,27,441.942,-119.077,1,0
10,28,10,28,466.048,-117.254,1,0
10,29,10,29,491.44,-113.213,1,0
10,30,10,30,519.728,-105.194,0.8,0
10,31,10,31,548.045,-114.09,1,0
10,32,10,32,570.828,-106.309,1,0
10,33,10,33,589.932,-94.6377,0,0
10,34,10,34,617.645,-121.147,1,0
10,35,10,35,639.414,-105.468,1,0
10,36,10,36,669.104,-110.407,1,0
10,37,10,37,690.507,-111.723,1,0
10,38,10,38,713.123,-99.5347,0.0015,0
10,39,10,39,739.797,-128.649,1,0
10,40,10,40,757.407,-108.732,1,0
10,41,10,41,784.22,-97.7212,0,0
10,42,10,42,809.83,-100.878,0.006,0
10,43,10,43,838.705,-100.058,0.0015,0
10,44,10,44,865.528,-99.4374,0.0015,0
10,45,10,45,881.796,-101.07,0.006,0
10,46,10,46,899.45,-116.626,1,0
10,47,10,47,922.775,-120.985,1,0
10,48,10,48,955.308,-128.124,1,0
10,49,10,49,983.606,-109.812,1,0
10,50,10,50,1004.09,-99.7307,0.0015,0
10,51,10,51,1029.57,-94.2065,0,0
10,52,10,52,1048.71,-127.283,1,0
10,53,10,53,1080.52,-112.689,1,0
10,54,10,54,1115.17,-111.255,1,0
10,55,10,55,1142.69,-101.313,0.006,0
10,56,10,56,1161.78,-121.978,1,0
10,57,10,57,1181.58,-125.07,1,0
10,58,10,58,1210.59,-105.451,1,0
10,59,10,59,1240.27,-105.44,1,0
10,60,10,60,1269.98,-113.312,1,0
10,61,10,61,1294.1,-95.0198,0,0
10,62,10,62,1318.77,-102.227,0.03,0
10,63,10,63,1344.21,-117.983,1,0
10,64,10,64,1366.84,-97.9352,0,0
10,65,10,65,1397.95,-128.34,1,0
10,66,10,66,1429.77,-101.409,0.03,0
10,67,10,67,1460.18,-110.205,1,0
10,68,10,68,1483.56,-115.222,1,0
10,69,10,69,1507.58,-125.236,1,0
10,70,10,70,1528.14,-126.863,1,0
10,71,10,71,1548.62,-115.921,1,0
10,72,10,72,1565.58,-131.714,1,0
10,73,10,73,1586.1,-117.321,1,0
10,74,10,74,1612.33,-104.606,0.8,0
10,75,10,DSO,113.899,-111.184,1,0
10,76,10,Market,113.899,-102.332,0.03,0
11,12,11,12,24.1661,-91.4988,0,1
11,13,11,13,49.4065,-75.864,0,1
11,14,11,14,83.7377,-71.4275,0,1
11,15,11,15,109.659,-95.0454,0,0
11,16,11,16,125.873,-102.05,0.03,0
11,17,11,17,144.972,-80.1991,0,0
11,18,11,18,162.641,-94.5008,0,0
11,19,11,19,194.487,-92.3375,0,0
11,20,11,20,223.665,-116.57,1,0
11,21,11,21,245.449,-82.7896,0,0
11,22,11,22,273.075,-89.2592,0,0
11,23,11,23,301.281,-101.485,0.03,0
11,24,11,24,333.138,-92.8116,0,0
11,25,11,25,362.862,-110.647,1,0
11,26,11,26,389.117,-86.7368,0,0
11,27,11,27,417.31,-102.365,0.03,0
11,28,11,28,441.617,-101.722,0.03,0
11,29,11,29,466.795,-99.5097,0.0015,0
11,30,11,30,495.138,-89.9315,0,0
11,31,11,31,523.534,-118.695,1,0
11,32,11,32,546.48,-111.779,1,0
11,33,11,33,565.584,-88.5586,0,0
11,34,11,34,593.372,-119.261,1,0
11,35,11,35,615.033,-102.967,0.15,0
11,36,11,36,644.705,-115.735,1,0
11,37,11,37,666.217,-106.489,1,0
11,38,11,38,688.817,-119.087,1,0
11,39,11,39,715.364,-118.196,1,0
11,40,11,40,732.912,-102.675,0.15,0
11,41,11,41,759.655,-125.674,1,0
11,42,11,42,785.398,-123.412,1,0
11,43,11,43,814.175,-100.987,0.006,0
11,44,11,44,840.936,-107.322,1,0
11,45,11,45,857.211,-123.049,1,0
11,46,11,46,874.817,-123.475,1,0
11,47,11,47,898.08,-116.995,1,0
11,48,11,48,930.579,-116.111,1,0
11,49,11,49,958.846,-91.7624,0,0
11,50,11,50,979.386,-97.2322,0,0
11,51,11,51,1004.8,-121.132,1,0
11,52,11,52,1023.89,-95.0168,0,0
11,53,11,53,1055.71,-116.287,1,0
11,54,11,54,1090.36,-93.1609,0,0
11,55,11,55,1117.95,-119.845,1,0
11,56,11,56,1137.07,-95.461,0,0
11,57,11,57,1156.86,-116.3,1,0
11,58,11,58,1185.82,-111.5,1,0
11,59,11,59,1215.55,-116.313,1,0
11,60,11,60,1245.22,-98.1148,0,0
11,61,11,61,1269.27,-108.188,1,0
11,62,11,62,1294.01,-95.0263,0,0
11,63,11,63,1319.48,-132.432,1,0
11,64,11,64,1342.13,-124.427,1,0
11,65,11,65,1373.26,-133.909,1,0
11,66,11,66,1405.05,-110.424,1,0
11,67,11,67,1435.5,-110.302,1,0
11,68,11,68,1458.95,-124.835,1,0
11,69,11,69,1482.94,-128.546,1,0
11,70,11,70,1503.55,-113.315,1,0
11,71,11,71,1523.99,-134.622,1,0
11,72,11,72,1540.94,-113.435,1,0
11,73,11,73,1561.48,-118.961,1,0
11,74,11,74,1587.75,-114.815,1,0
11,75,11,DSO,139.313,-101.393,0.03,0
11,76,11,Market,139.313,-93.5162,0,0
12,13,12,13,26.1725,-63.4834,0,1
12,14,12,14,60.8276,-99.4848,0.0015,1
12,15,12,15,87.1149,-110.136,1,0
12,16,12,16,103.479,-88.069,0,0
12,17,12,17,122.495,-104.619,0.8,0
12,18,12,18,140.186,-110.798,1,0
12,19,12,19,171.898,-116.156,1,0
12,20,12,20,200.823,-79.2149,0,0
12,21,12,21,222.749,-104.78,0.8,0
12,22,12,22,250.316,-110.601,1,0
12,23,12,23,278.614,-82.0734,0,0
12,24,12,24,310.421,-86.5409,0,0
12,25,12,25,340.119,-111.072,1,0
12,26,12,26,366.306,-107.694,1,0
12,27,12,27,394.568,-111.123,1,0
12,28,12,28,418.724,-84.5293,0,0
12,29,12,29,444.065,-108.978,1,0
12,30,12,30,472.366,-106.707,1,0
12,31,12,31,500.704,-89.9163,0,0
12,32,12,32,523.534,-86.1758,0,0
12,33,12,33,542.639,-97.5938,0,0
12,34,12,34,570.377,-124.847,1,0
12,35,12,35,592.112,-118.173,1,0
12,36,12,36,621.798,-123.765,1,0
12,37,12,37,643.236,-123.45,1,0
12,38,12,38,665.848,-119.982,1,0
12,39,12,39,692.483,-108.908,1,0
12,40,12,40,710.076,-125.313,1,0
12,41,12,41,736.872,-117.652,1,0
12,42,12,42,762.518,-95.1435,0,0
12,43,12,43,791.367,-92.7549,0,0
12,44,12,44,818.174,-96.2423,0,0
12,45,12,45,834.445,-114.716,1,0
12,46,12,46,852.087,-97.7912,0,0
12,47,12,47,875.399,-124.032,1,0
12,48,12,48,907.926,-115.737,1,0
12,49,12,49,936.219,-118.944,1,0
12,50,12,50,956.716,-127.524,1,0
12,51,12,51,982.184,-113.722,1,0
12,52,12,52,1001.31,-131.286,1,0
12,53,12,53,1033.12,-126.407,1,0
12,54,12,54,1067.78,-120.691,1,0
12,55,12,55,1095.31,-122.28,1,0
12,56,12,56,1114.4,-121.889,1,0
12,57,12,57,1134.2,-103.352,0.15,0
12,58,12,58,1163.2,-129.361,1,0
12,59,12,59,1192.89,-133.199,1,0
12,60,12,60,1222.59,-109.457,1,0
12,61,12,61,1246.7,-116.541,1,0
12,62,12,62,1271.39,-103.756,0.4,0
12,63,12,63,1296.83,-119.496,1,0
12,64,12,64,1319.46,-101.021,0.006,0
12,65,12,65,1350.58,-113.875,1,0
12,66,12,66,1382.39,-99.2671,0,0
12,67,12,67,1412.81,-130.253,1,0
12,68,12,68,1436.21,-127.325,1,0
12,69,12,69,1460.22,-129.945,1,0
12,70,12,70,1480.8,-100.958,0.006,0
12,71,12,71,1501.26,-129.117,1,0
12,72,12,72,1518.22,-105.875,1,0
12,73,12,73,1538.74,-121.328,1,0
12,74,12,74,1564.98,-128.33,1,0
12,75,12,DSO,161.32,-99.2531,0,0
12,76,12,Market,161.32,-88.2534,0,0
13,14,13,14,34.6554,-73.7349,0,1
13,15,13,15,60.959,-106.674,1,0
13,16,13,16,77.3369,-109.11,1,0
13,17,13,17,96.3328,-82.0172,0,0
13,18,13,18,114.022,-104.802,0.8,0
13,19,13,19,145.726,-96.2931,0,0
13,20,13,20,174.668,-96.5859,0,0
13,21,13,21,196.581,-90.1257,0,0
13,22,13,22,224.154,-109.58,1,0
13,23,13,23,252.446,-116.15,1,0
13,24,13,24,284.257,-85.7216,0,0
13,25,13,25,313.959,-96.2759,0,0
13,26,13,26,340.154,-119.15,1,0
13,27,13,27,368.409,-100.346,0.0015,0
13,28,13,28,392.588,-85.3484,0,0
13,29,13,29,417.905,-104.589,0.8,0
13,30,13,30,446.212,-93.8112,0,0
13,31,13,31,474.558,-122.757,1,0
13,32,13,32,497.41,-119.31,1,0
13,33,13,33,516.515,-87.1758,0,0
13,34,13,34,544.266,-98.6153,0,0
13,35,13,35,565.984,-115.407,1,0
13,36,13,36,595.668,-106.549,1,0
13,37,13,37,617.122,-123.124,1,0
13,38,13,38,639.731,-113.798,1,0
13,39,13,39,666.348,-89.2417,0,0
13,40,13,40,683.933,-94.1342,0,0
13,41,13,41,710.721,-109.592,1,0
13,42,13,42,736.384,-101.25,0.006,0
13,43,13,43,765.22,-102.392,0.15,0
13,44,13,44,792.021,-125.128,1,0
13,45,13,45,808.293,-124.207,1,0
13,46,13,46,825.931,-125.489,1,0
13,47,13,47,849.238,-112.597,1,0
13,48,13,48,881.762,-111.192,1,0
13,49,13,49,910.053,-118.467,1,0
13,50,13,50,930.554,-101.735,0.03,0
13,51,13,51,956.018,-109.4,1,0
13,52,13,52,975.144,-126.671,1,0
13,53,13,53,1006.96,-116.869,1,0
13,54,13,54,1041.61,-111.95,1,0
13,55,13,55,1069.15,-103.861,0.4,0
13,56,13,56,1088.24,-105.748,1,0
13,57,13,57,1108.04,-92.9412,0,0
13,58,13,58,1137.04,-128.58,1,0
13,59,13,59,1166.73,-116.086,1,0
13,60,13,60,1196.43,-101.413,0.03,0
13,61,13,61,1220.53,-105.865,1,0
13,62,13,62,1245.22,-126.365,1,0
13,63,13,63,1270.67,-114.448,1,0
13,64,13,64,1293.3,-127.464,1,0
13,65,13,65,1324.42,-130.773,1,0
13,66,13,66,1356.23,-115.235,1,0
13,67,13,67,1386.65,-111.575,1,0
13,68,13,68,1410.06,-101.138,0.006,0
13,69,13,69,1434.07,-104.703,0.8,0
13,70,13,70,1454.64,-132.89,1,0
13,71,13,71,1475.11,-109.904,1,0
13,72,13,72,1492.06,-97.5299,0,0
13,73,13,73,1512.59,-132.545,1,0
13,74,13,74,1538.83,-130.88,1,0
13,75,13,DSO,187.491,-114.611,1,0
13,76,13,Market,187.491,-100.11,0.0015,0
14,15,14,15,26.4008,-93.8817,0,0
14,16,14,16,42.8019,-79.4593,0,0
14,17,14,17,61.7171,-104.293,0.4,0
14,18,14,18,79.3977,-95.3086,0,0
14,19,14,19,111.072,-81.7043,0,0
14,20,14,20,140.036,-79.7133,0,0
14,21,14,21,161.929,-79.362,0,0
14,22,14,22,189.51,-93.497,0,0
14,23,14,23,217.793,-87.5295,0,0
14,24,14,24,249.61,-93.8778,0,0
14,25,14,25,279.315,-93.1732,0,0
14,26,14,26,305.523,-87.4233,0,0
14,27,14,27,333.766,-89.1357,0,0
14,28,14,28,357.975,-117.012,1,0
14,29,14,29,383.262,-107.63,1,0
14,30,14,30,411.575,-88.0455,0,0
14,31,14,31,439.932,-101.087,0.006,0
14,32,14,32,462.813,-123.109,1,0
14,33,14,33,481.918,-117.99,1,0
14,34,14,34,509.684,-92.4948,0,0
14,35,14,35,531.38,-93.5895,0,0
14,36,14,36,561.061,-104.233,0.4,0
14,37,14,37,582.537,-115.058,1,0
14,38,14,38,605.142,-93.73,0,0
14,39,14,39,631.735,-97.3011,0,0
14,40,14,40,649.31,-123.096,1,0
14,41,14,41,676.089,-111.245,1,0
14,42,14,42,701.771,-107.738,1,0
14,43,14,43,730.592,-102.909,0.15,0
14,44,14,44,757.386,-105.229,0.8,0
14,45,14,45,773.658,-91.7258,0,0
14,46,14,46,791.291,-100.662,0.006,0
14,47,14,47,814.592,-99.0476,0,0
14,48,14,48,847.114,-92.3007,0,0
14,49,14,49,875.403,-117.084,1,0
14,50,14,50,895.907,-96.27,0,0
14,51,14,51,921.367,-110.855,1,0
14,52,14,52,940.49,-122.289,1,0
14,53,14,53,972.303,-112.193,1,0
14,54,14,54,1006.96,-98.8585,0,0
14,55,14,55,1034.5,-98.9596,0,0
14,56,14,56,1053.59,-115.467,1,0
14,57,14,57,1073.39,-115.12,1,0
14,58,14,58,1102.39,-129.648,1,0
14,59,14,59,1132.08,-132.624,1,0
14,60,14,60,1161.78,-97.2852,0,0
14,61,14,61,1185.88,-125.83,1,0
14,62,14,62,1210.57,-111.442,1,0
14,63,14,63,1236.02,-117.292,1,0
14,64,14,64,1258.65,-99.914,0.0015,0
14,65,14,65,1289.78,-132.926,1,0
14,66,14,66,1321.58,-106.267,1,0
14,67,14,67,1352.01,-130.358,1,0
14,68,14,68,1375.42,-125.01,1,0
14,69,14,69,1399.43,-118.42,1,0
14,70,14,70,1420.01,-119.799,1,0
14,71,14,71,1440.47,-96.1433,0,0
14,72,14,72,1457.42,-123.392,1,0
14,73,14,73,1477.95,-98.8125,0,0
14,74,14,74,1504.2,-102.961,0.15,0
14,75,14,DSO,222.144,-81.2238,0,0
14,76,14,Market,222.144,-81.3461,0,0
15,16,15,16,16.4012,-74.0431,0,1
15,17,15,17,35.3836,-97.8385,0,1
15,18,15,18,53.0754,-81.1915,0,1
15,19,15,19,84.8528,-83.0435,0,1
15,20,15,20,114.022,-96.9952,0,1
15,21,15,21,135.794,-81.0531,0,1
15,22,15,22,163.417,-92.5738,0,1
15,23,15,23,191.638,-85.1615,0,1
15,24,15,24,223.486,-85.3024,0,1
15,25,15,25,253.207,-81.9975,0,1
15,26,15,26,279.458,-99.6778,0.0015,1
15,27,15,27,307.657,-94.5797,0,0
15,28,15,28,331.965,-82.6235,0,0
15,29,15,29,357.146,-121.95,1,0
15,30,15,30,385.483,-97.5165,0,0
15,31,15,31,413.876,-114.877,1,0
15,32,15,32,436.835,-104.165,0.4,0
15,33,15,33,455.939,-93.2276,0,0
15,34,15,34,483.741,-114.572,1,0
15,35,15,35,505.381,-109.16,1,0
15,36,15,36,535.051,-104.989,0.8,0
15,37,15,37,556.579,-104.178,0.4,0
15,38,15,38,579.175,-105.229,0.8,0
15,39,15,39,605.706,-111.864,1,0
15,40,15,40,623.254,-93.076,0,0
15,41,15,41,650.001,-100.733,0.006,0
15,42,15,42,675.74,-88.7074,0,0
15,43,15,43,704.518,-93.11,0,0
15,44,15,44,731.285,-119.289,1,0
15,45,15,45,747.559,-101.67,0.03,0
15,46,15,46,765.173,-102.15,0.03,0
15,47,15,47,788.45,-129.369,1,0
15,48,15,48,820.959,-129.338,1,0
15,49,15,49,849.236,-96.8877,0,0
15,50,15,50,869.76,-99.2736,0,0
15,51,15,51,895.197,-109.231,1,0
15,52,15,52,914.302,-104.446,0.8,0
15,53,15,53,946.118,-116.616,1,0
15,54,15,54,980.77,-112.463,1,0
15,55,15,55,1008.34,-93.2318,0,0
15,56,15,56,1027.45,-122.107,1,0
15,57,15,57,1047.24,-102.208,0.03,0
15,58,15,58,1076.22,-110.869,1,0
15,59,15,59,1105.93,-127.359,1,0
15,60,15,60,1135.61,-97.7737,0,0
15,61,15,61,1159.69,-98.5483,0,0
15,62,15,62,1184.4,-105.646,1,0
15,63,15,63,1209.86,-94.0538,0,0
15,64,15,64,1232.5,-113.673,1,0
15,65,15,65,1263.63,-121.297,1,0
15,66,15,66,1295.43,-120.878,1,0
15,67,15,67,1325.87,-128.969,1,0
15,68,15,68,1349.31,-125.084,1,0
15,69,15,69,1373.31,-108.652,1,0
15,70,15,70,1393.9,-99.7743,0.0015,0
15,71,15,71,1414.35,-110.559,1,0
15,72,15,72,1431.3,-95.7074,0,0
15,73,15,73,1451.84,-129.431,1,0
15,74,15,74,1478.1,-115.834,1,0
15,75,15,DSO,248.421,-116.87,1,0
15,76,15,Market,248.421,-111.98,1,0
16,17,16,17,19.105,-75.3295,0,1
16,18,16,18,36.7696,-63.4901,0,1
16,19,16,19,68.6222,-95.3043,0,1
16,20,16,20,97.949,-99.4137,0.0015,1
16,21,16,21,119.604,-100.703,0.006,1
16,22,16,22,147.248,-93.0071,0,1
16,23,16,23,175.414,-99.6685,0.0015,1
16,24,16,24,207.28,-83.3916,0,1
16,25,16,25,237.008,-79.3811,0,1
16,26,16,26,263.287,-84.2715,0,1
16,27,16,27,291.452,-100.345,0.0015,0
16,28,16,28,315.826,-95.0856,0,0
16,29,16,29,340.931,-116.702,1,0
16,30,16,30,369.283,-105.598,1,0
16,31,16,31,397.698,-116.883,1,0
16,32,16,32,420.709,-109.059,1,0
16,33,16,33,439.81,-110.508,1,0
16,34,16,34,467.634,-103.398,0.4,0
16,35,16,35,489.237,-112.415,1,0
16,36,16,36,518.9,-118.492,1,0
16,37,16,37,540.46,-109.471,1,0
16,38,16,38,563.05,-96.6176,0,0
16,39,16,39,589.54,-98.0513,0,0
16,40,16,40,607.068,-104.252,0.4,0
16,41,16,41,633.795,-110.136,1,0
16,42,16,42,659.571,-120.286,1,0
16,43,16,43,688.32,-115.301,1,0
16,44,16,44,715.07,-110.688,1,0
16,45,16,45,731.345,-103.056,0.15,0
16,46,16,46,748.947,-99.0663,0,0
16,47,16,47,772.207,-123.664,1,0
16,48,16,48,804.707,-90.2198,0,0
16,49,16,49,832.977,-97.8904,0,0
16,50,16,50,853.513,-100.177,0.0015,0
16,51,16,51,878.936,-120.448,1,0
16,52,16,52,898.03,-100.737,0.006,0
16,53,16,53,929.848,-102.629,0.15,0
16,54,16,54,964.498,-115.993,1,0
16,55,16,55,992.083,-122.559,1,0
16,56,16,56,1011.2,-102.25,0.03,0
16,57,16,57,1030.99,-109.051,1,0
16,58,16,58,1059.96,-113.153,1,0
16,59,16,59,1089.68,-124.73,1,0
16,60,16,60,1119.36,-107.866,1,0
16,61,16,61,1143.41,-106.982,1,0
16,62,16,62,1168.14,-94.4697,0,0
16,63,16,63,1193.61,-101.761,0.03,0
16,64,16,64,1216.25,-127.121,1,0
16,65,16,65,1247.39,-124.288,1,0
16,66,16,66,1279.18,-111.813,1,0
16,67,16,67,1309.62,-106.365,1,0
16,68,16,68,1333.08,-133.233,1,0
16,69,16,69,1357.07,-123.658,1,0
16,70,16,70,1377.68,-96.7571,0,0
16,71,16,71,1398.12,-124.366,1,0
16,72,16,72,1415.07,-101.215,0.006,0
16,73,16,73,1435.61,-103.673,0.4,0
16,74,16,74,1461.88,-102.278,0.03,0
16,75,16,DSO,264.764,-88.6979,0,0
16,76,16,Market,264.764,-101.785,0.03,0
17,18,17,18,17.6918,-64.5896,0,1
17,19,17,19,49.5177,-76.4794,0,1
17,20,17,20,78.8733,-75.3155,0,1
17,21,17,21,100.499,-91.4501,0,1
17,22,17,22,128.144,-88.9135,0,1
17,23,17,23,156.311,-76.6211,0,1
17,24,17,24,188.175,-84.5577,0,1
17,25,17,25,217.904,-82.8783,0,1
17,26,17,26,244.182,-82.6517,0,1
17,27,17,27,272.347,-87.1021,0,0
17,28,17,28,296.724,-90.3913,0,0
17,29,17,29,321.828,-109.259,1,0
17,30,17,30,350.179,-90.867,0,0
17,31,17,31,378.593,-107.312,1,0
17,32,17,32,401.608,-120.446,1,0
17,33,17,33,420.709,-110.354,1,0
17,34,17,34,448.537,-113.165,1,0
17,35,17,35,470.134,-105.828,1,0
17,36,17,36,499.796,-107.807,1,0
17,37,17,37,521.36,-88.7983,0,0
17,38,17,38,543.949,-98.5681,0,0
17,39,17,39,570.435,-105.754,1,0
17,40,17,40,587.963,-120.457,1,0
17,41,17,41,614.691,-106.839,1,0
17,42,17,42,640.466,-105.218,0.8,0
17,43,17,43,669.216,-112.903,1,0
17,44,17,44,695.967,-125.466,1,0
17,45,17,45,712.242,-92.7576,0,0
17,46,17,46,729.845,-117.183,1,0
17,47,17,47,753.109,-90.3441,0,0
17,48,17,48,785.611,-108.702,1,0
17,49,17,49,813.883,-92.6062,0,0
17,50,17,50,834.416,-95.1523,0,0
17,51,17,51,859.843,-105.4,1,0
17,52,17,52,878.941,-129.597,1,0
17,53,17,53,910.758,-121.778,1,0
17,54,17,54,945.408,-97.5819,0,0
17,55,17,55,972.988,-107.724,1,0
17,56,17,56,992.101,-99.7114,0.0015,0
17,57,17,57,1011.89,-129.177,1,0
17,58,17,58,1040.86,-109.271,1,0
17,59,17,59,1070.58,-113.576,1,0
17,60,17,60,1100.26,-108.674,1,0
17,61,17,61,1124.32,-110.55,1,0
17,62,17,62,1149.05,-98.753,0,0
17,63,17,63,1174.51,-106.226,1,0
17,64,17,64,1197.16,-122.412,1,0
17,65,17,65,1228.29,-107.225,1,0
17,66,17,66,1260.08,-101.234,0.006,0
17,67,17,67,1290.53,-95.7901,0,0
17,68,17,68,1313.98,-119.804,1,0
17,69,17,69,1337.97,-112.149,1,0
17,70,17,70,1358.58,-124.51,1,0
17,71,17,71,1379.02,-130.597,1,0
17,72,17,72,1395.97,-103.003,0.15,0
17,73,17,73,1416.5,-129.958,1,0
17,74,17,74,1442.78,-118.898,1,0
17,75,17,DSO,283.805,-113.255,1,0
17,76,17,Market,283.805,-110.694,1,0
18,19,18,19,31.8904,-100.159,0.0015,1
18,20,18,20,61.4003,-92.9684,0,1
18,21,18,21,82.8794,-82.3072,0,1
18,22,18,22,110.535,-96.4313,0,1
18,23,18,23,138.658,-86.3344,0,1
18,24,18,24,170.532,-78.1094,0,1
18,25,18,25,200.262,-92.1135,0,1
18,26,18,26,226.557,-81.8205,0,1
18,27,18,27,254.7,-96.8192,0,0
18,28,18,28,279.116,-117.609,1,0
18,29,18,29,304.174,-112.626,1,0
18,30,18,30,332.533,-95.6338,0,0
18,31,18,31,360.96,-85.071,0,0
18,32,18,32,384.005,-115.002,1,0
18,33,18,33,403.104,-117.195,1,0
18,34,18,34,430.945,-114.33,1,0
18,35,18,35,452.519,-92.4789,0,0
18,36,18,36,482.175,-103.974,0.4,0
18,37,18,37,503.759,-101.525,0.03,0
18,38,18,38,526.343,-89.3946,0,0
18,39,18,39,552.805,-98.5309,0,0
18,40,18,40,570.323,-94.7972,0,0
18,41,18,41,597.039,-90.4004,0,0
18,42,18,42,622.834,-90.6104,0,0
18,43,18,43,651.568,-124.141,1,0
18,44,18,44,678.31,-124.003,1,0
18,45,18,45,694.586,-103.317,0.15,0
18,46,18,46,712.183,-117.567,1,0
18,47,18,47,735.44,-110.235,1,0
18,48,18,48,767.939,-107.29,1,0
18,49,18,49,796.207,-109.461,1,0
18,50,18,50,816.745,-112.976,1,0
18,51,18,51,842.167,-95.4706,0,0
18,52,18,52,861.261,-98.4376,0,0
18,53,18,53,893.078,-98.9522,0,0
18,54,18,54,927.728,-119.845,1,0
18,55,18,55,955.314,-94.3267,0,0
18,56,18,56,974.43,-125.345,1,0
18,57,18,57,994.217,-111.943,1,0
18,58,18,58,1023.19,-114.617,1,0
18,59,18,59,1052.91,-102.586,0.15,0
18,60,18,60,1082.59,-116.623,1,0
18,61,18,61,1106.64,-106.839,1,0
18,62,18,62,1131.37,-128.759,1,0
18,63,18,63,1156.84,-97.2643,0,0
18,64,18,64,1179.48,-128.843,1,0
18,65,18,65,1210.62,-124.838,1,0
18,66,18,66,1242.41,-117.577,1,0
18,67,18,67,1272.86,-98.0351,0,0
18,68,18,68,1296.31,-125.291,1,0
18,69,18,69,1320.31,-133.518,1,0
18,70,18,70,1340.92,-125.758,1,0
18,71,18,71,1361.36,-101.442,0.03,0
18,72,18,72,1378.3,-133.693,1,0
18,73,18,73,1398.84,-117.488,1,0
18,74,18,74,1425.12,-122.216,1,0
18,75,18,DSO,301.496,-83.0557,0,0
18,76,18,Market,301.496,-118.06,1,0
19,20,19,20,29.6816,-92.6106,0,1
19,21,19,21,50.9902,-68.6018,0,1
19,22,19,22,78.6448,-77.1738,0,1
19,23,19,23,106.794,-93.5055,0,1
19,24,19,24,138.658,-95.6313,0,1
19,25,19,25,168.386,-99.5663,0.0015,1
19,26,19,26,194.672,-92.9276,0,1
19,27,19,27,222.83,-84.6329,0,0
19,28,19,28,247.227,-89.9885,0,0
19,29,19,29,272.31,-102.421,0.15,0
19,30,19,30,300.661,-99.2104,0,0
19,31,19,31,329.079,-90.6869,0,0
19,32,19,32,352.115,-104.514,0.8,0
19,33,19,33,371.214,-113.437,1,0
19,34,19,34,399.055,-117.534,1,0
19,35,19,35,420.63,-113.071,1,0
19,36,19,36,450.289,-117.378,1,0
19,37,19,37,471.869,-92.2146,0,0
19,38,19,38,494.453,-96.0093,0,0
19,39,19,39,520.922,-120.49,1,0
19,40,19,40,538.447,-125.581,1,0
19,41,19,41,565.173,-87.5108,0,0
19,42,19,42,590.953,-124.23,1,0
19,43,19,43,619.698,-121.929,1,0
19,44,19,44,646.45,-101.314,0.006,0
19,45,19,45,662.725,-110.459,1,0
19,46,19,46,680.331,-116.513,1,0
19,47,19,47,703.6,-104.752,0.8,0
19,48,19,48,736.107,-114.98,1,0
19,49,19,49,764.383,-119.692,1,0
19,50,19,50,784.909,-97.9242,0,0
19,51,19,51,810.344,-118.527,1,0
19,52,19,52,829.451,-119.831,1,0
19,53,19,53,861.267,-129.872,1,0
19,54,19,54,895.918,-129.83,1,0
19,55,19,55,923.486,-102.108,0.03,0
19,56,19,56,942.595,-107.787,1,0
19,57,19,57,962.385,-91.4949,0,0
19,58,19,58,991.364,-95.2632,0,0
19,59,19,59,1021.08,-129.213,1,0
19,60,19,60,1050.76,-102.558,0.15,0
19,61,19,61,1074.84,-126.619,1,0
19,62,19,62,1099.55,-101.655,0.03,0
19,63,19,63,1125.01,-121.853,1,0
19,64,19,64,1147.65,-126.13,1,0
19,65,19,65,1178.78,-113.772,1,0
19,66,19,66,1210.58,-114.409,1,0
19,67,19,67,1241.02,-121.83,1,0
19,68,19,68,1264.46,-95.0223,0,0
19,69,19,69,1288.46,-125.099,1,0
19,70,19,70,1309.06,-124.449,1,0
19,71,19,71,1329.51,-109.145,1,0
19,72,19,72,1346.46,-111.195,1,0
19,73,19,73,1366.99,-125.204,1,0
19,74,19,74,1393.26,-101.637,0.03,0
19,75,19,DSO,333.216,-112.156,1,0
19,76,19,Market,333.216,-110.18,1,0
20,21,20,21,22.2036,-83.1331,0,1
20,22,20,22,49.5177,-89.4753,0,1
20,23,20,23,77.8974,-85.5813,0,1
20,24,20,24,109.622,-83.4975,0,1
20,25,20,25,139.302,-102.448,0.15,1
20,26,20,26,165.487,-78.5251,0,1
20,27,20,27,193.747,-77.5454,0,0
20,28,20,28,217.954,-106.639,1,0
20,29,20,29,243.245,-110.393,1,0
20,30,20,30,271.544,-94.6808,0,0
20,31,20,31,299.897,-117.072,1,0
20,32,20,32,322.816,-110.785,1,0
20,33,20,33,341.92,-91.9273,0,0
20,34,20,34,369.719,-104.113,0.4,0
20,35,20,35,391.368,-88.3586,0,0
20,36,20,36,421.043,-87.9604,0,0
20,37,20,37,442.557,-93.407,0,0
20,38,20,38,465.155,-99.2863,0,0
20,39,20,39,491.708,-97.5942,0,0
20,40,20,40,509.276,-122.215,1,0
20,41,20,41,536.054,-121.582,1,0
20,42,20,42,561.744,-93.8136,0,0
20,43,20,43,590.557,-108.828,1,0
20,44,20,44,617.353,-95.184,0,0
20,45,20,45,633.624,-99.1813,0,0
20,46,20,46,651.264,-96.0036,0,0
20,47,20,47,674.58,-93.7911,0,0
20,48,20,48,707.112,-93.5521,0,0
20,49,20,49,735.413,-100.613,0.006,0
20,50,20,50,755.897,-114.432,1,0
20,51,20,51,781.379,-114.088,1,0
20,52,20,52,800.525,-127.742,1,0
20,53,20,53,832.332,-103.048,0.15,0
20,54,20,54,866.987,-92.0403,0,0
20,55,20,55,894.497,-109.002,1,0
20,56,20,56,913.582,-109.46,1,0
20,57,20,57,933.382,-108.842,1,0
20,58,20,58,962.393,-94.1314,0,0
20,59,20,59,992.071,-124.732,1,0
20,60,20,60,1021.78,-115.617,1,0
20,61,20,61,1045.92,-109.12,1,0
20,62,20,62,1070.57,-116.212,1,0
20,63,20,63,1096.02,-106.301,1,0
20,64,20,64,1118.64,-106.668,1,0
20,65,20,65,1149.76,-119.887,1,0
20,66,20,66,1181.58,-103.605,0.4,0
20,67,20,67,1211.99,-102.205,0.03,0
20,68,20,68,1235.39,-106.045,1,0
20,69,20,69,1259.4,-112.369,1,0
20,70,20,70,1279.98,-130.017,1,0
20,71,20,71,1300.44,-106.549,1,0
20,72,20,72,1317.39,-110.27,1,0
20,73,20,73,1337.92,-119.279,1,0
20,74,20,74,1364.16,-122.628,1,0
20,75,20,DSO,362.064,-117.946,1,0
20,76,20,Market,362.064,-104.873,0.8,0
21,22,21,22,27.6586,-78.4204,0,1
21,23,21,23,55.8659,-84.6247,0,1
21,24,21,24,87.6926,-101.914,0.03,1
21,25,21,25,117.414,-91.5904,0,1
21,26,21,26,143.684,-93.103,0,1
21,27,21,27,171.863,-80.5119,0,0
21,28,21,28,196.237,-103.781,0.4,0
21,29,21,29,221.353,-116.579,1,0
21,30,21,30,249.69,-84.8979,0,0
21,31,21,31,278.095,-85.5799,0,0
21,32,21,32,301.126,-98.5704,0,0
21,33,21,33,320.225,-87.0339,0,0
21,34,21,34,348.07,-118.882,1,0
21,35,21,35,369.64,-89.4489,0,0
21,36,21,36,399.299,-107.921,1,0
21,37,21,37,420.88,-118.963,1,0
21,38,21,38,443.464,-115.284,1,0
21,39,21,39,469.936,-124.601,1,0
21,40,21,40,487.468,-105.623,1,0
21,41,21,41,514.207,-123.453,1,0
21,42,21,42,539.968,-106.246,1,0
21,43,21,43,568.727,-102.056,0.03,0
21,44,21,44,595.491,-120.89,1,0
21,45,21,45,611.765,-106.698,1,0
21,46,21,46,629.382,-90.3668,0,0
21,47,21,47,652.669,-114.766,1,0
21,48,21,48,685.187,-111.323,1,0
21,49,21,49,713.474,-121.256,1,0
21,50,21,50,733.982,-126.7,1,0
21,51,21,51,759.438,-126.008,1,0
21,52,21,52,778.563,-110.216,1,0
21,53,21,53,810.375,-93.3563,0,0
21,54,21,54,845.028,-97.9923,0,0
21,55,21,55,872.57,-95.6327,0,0
21,56,21,56,891.669,-124.598,1,0
21,57,21,57,911.463,-120.29,1,0
21,58,21,58,940.456,-101.209,0.006,0
21,59,21,59,970.155,-129.928,1,0
21,60,21,60,999.85,-119.704,1,0
21,61,21,61,1023.95,-114.567,1,0
21,62,21,62,1048.64,-113.699,1,0
21,63,21,63,1074.1,-130.186,1,0
21,64,21,64,1096.73,-130.432,1,0
21,65,21,65,1127.85,-126.998,1,0
21,66,21,66,1159.66,-117.936,1,0
21,67,21,67,1190.09,-121.328,1,0
21,68,21,68,1213.51,-126.876,1,0
21,69,21,69,1237.52,-100.732,0.006,0
21,70,21,70,1258.11,-93.9879,0,0
21,71,21,71,1278.56,-118.584,1,0
21,72,21,72,1295.51,-133.499,1,0
21,73,21,73,1316.04,-116.385,1,0
21,74,21,74,1342.3,-97.3418,0,0
21,75,21,DSO,384.038,-85.864,0,0
21,76,21,Market,384.038,-96.2489,0,0
22,23,22,23,28.4253,-78.3151,0,1
22,24,22,24,60.1082,-101.653,0.03,1
22,25,22,25,89.8053,-71.0998,0,1
22,26,22,26,116.043,-73.3937,0,1
22,27,22,27,144.257,-107.768,1,0
22,28,22,28,168.582,-79.6188,0,0
22,29,22,29,193.752,-111.87,1,0
22,30,22,30,222.072,-95.756,0,0
22,31,22,31,250.46,-97.2442,0,0
22,32,22,32,273.47,-103.913,0.4,0
22,33,22,33,292.57,-91.2306,0,0
22,34,22,34,320.412,-116.172,1,0
22,35,22,35,341.99,-114.464,1,0
22,36,22,36,371.652,-107.663,1,0
22,37,22,37,393.224,-102.683,0.15,0
22,38,22,38,415.809,-105.351,0.8,0
22,39,22,39,442.295,-89.964,0,0
22,40,22,40,459.837,-118.386,1,0
22,41,22,41,486.59,-122.533,1,0
22,42,22,42,512.328,-115.63,1,0
22,43,22,43,541.104,-122.181,1,0
22,44,22,44,567.881,-99.876,0.0015,0
22,45,22,45,584.154,-106.669,1,0
22,46,22,46,601.782,-97.0527,0,0
22,47,22,47,625.084,-121.863,1,0
22,48,22,48,657.611,-114.217,1,0
22,49,22,49,685.907,-105.145,0.8,0
22,50,22,50,706.4,-113.009,1,0
22,51,22,51,731.872,-116.304,1,0
22,52,22,52,751.013,-91.9119,0,0
22,53,22,53,782.821,-105.469,1,0
22,54,22,54,817.475,-105.39,1,0
22,55,22,55,844.995,-110.443,1,0
22,56,22,56,864.086,-111.863,1,0
22,57,22,57,883.883,-98.1862,0,0
22,58,22,58,912.888,-126.601,1,0
22,59,22,59,942.574,-129.762,1,0
22,60,22,60,972.278,-129.005,1,0
22,61,22,61,996.404,-103.414,0.4,0
22,62,22,62,1021.07,-100.581,0.006,0
22,63,22,63,1046.52,-96.2095,0,0
22,64,22,64,1069.15,-114.73,1,0
22,65,22,65,1100.27,-98.2788,0,0
22,66,22,66,1132.08,-98.1199,0,0
22,67,22,67,1162.5,-93.5477,0,0
22,68,22,68,1185.91,-121.51,1,0
22,69,22,69,1209.92,-121.969,1,0
22,70,22,70,1230.5,-99.6064,0.0015,0
22,71,22,71,1250.96,-116.201,1,0
22,72,22,72,1267.91,-93.8399,0,0
22,73,22,73,1288.44,-125.661,1,0
22,74,22,74,1314.69,-94.6128,0,0
22,75,22,DSO,411.575,-104.248,0.4,0
22,76,22,Market,411.575,-92.6696,0,0
23,24,23,24,31.8904,-93.4223,0,1
23,25,23,25,61.6198,-103.664,0.4,1
23,26,23,26,87.9659,-98.3931,0,1
23,27,23,27,116.043,-75.4995,0,0
23,28,23,28,140.584,-105.749,1,0
23,29,23,29,165.517,-87.745,0,0
23,30,23,30,193.876,-93.686,0,0
23,31,23,31,222.32,-84.4168,0,0
23,32,23,32,245.459,-105.387,1,0
23,33,23,33,264.547,-106.188,1,0
23,34,23,34,292.438,-88.1887,0,0
23,35,23,35,313.919,-87.3608,0,0
23,36,23,36,343.559,-95.269,0,0
23,37,23,37,365.203,-95.3656,0,0
23,38,23,38,387.769,-90.3519,0,0
23,39,23,39,414.165,-122.211,1,0
23,40,23,40,431.669,-100.725,0.006,0
23,41,23,41,458.382,-121.601,1,0
23,42,23,42,484.19,-95.0333,0,0
23,43,23,43,512.91,-119.819,1,0
23,44,23,44,539.656,-102.595,0.15,0
23,45,23,45,555.932,-107.588,1,0
23,46,23,46,573.537,-125.856,1,0
23,47,23,47,596.813,-91.0639,0,0
23,48,23,48,629.327,-100.467,0.006,0
23,49,23,49,657.611,-93.8886,0,0
23,50,23,50,678.125,-127.602,1,0
23,51,23,51,703.574,-105.227,0.8,0
23,52,23,52,722.698,-114.308,1,0
23,53,23,53,754.51,-110.224,1,0
23,54,23,54,789.163,-104.623,0.8,0
23,55,23,55,816.709,-101.199,0.006,0
23,56,23,56,835.811,-124.418,1,0
23,57,23,57,855.604,-100.81,0.006,0
23,58,23,58,884.593,-115.395,1,0
23,59,23,59,914.296,-109.177,1,0
23,60,23,60,943.988,-101.257,0.006,0
23,61,23,61,968.087,-107.235,1,0
23,62,23,62,992.779,-123.327,1,0
23,63,23,63,1018.23,-121.031,1,0
23,64,23,64,1040.87,-109.342,1,0
23,65,23,65,1072,-92.5204,0,0
23,66,23,66,1103.8,-106.834,1,0
23,67,23,67,1134.23,-117.319,1,0
23,68,23,68,1157.67,-106.159,1,0
23,69,23,69,1181.67,-94.374,0,0
23,70,23,70,1202.27,-121.171,1,0
23,71,23,71,1222.72,-95.9311,0,0
23,72,23,72,1239.66,-104.288,0.4,0
23,73,23,73,1260.2,-103.989,0.4,0
23,74,23,74,1286.47,-126.195,1,0
23,75,23,DSO,439.902,-108.219,1,0
23,76,23,Market,439.902,-96.3549,0,0
24,25,24,25,29.7321,-64.669,0,1
24,26,24,26,56.0803,-88.4173,0,1
24,27,24,27,84.1724,-104.621,0.8,0
24,28,24,28,108.706,-91.9181,0,0
24,29,24,29,133.66,-77.0948,0,0
24,30,24,30,162.003,-110.081,1,0
24,31,24,31,190.434,-90.4223,0,0
24,32,24,32,213.572,-113.803,1,0
24,33,24,33,232.659,-111.433,1,0
24,34,24,34,260.555,-87.3696,0,0
24,35,24,35,282.028,-118.008,1,0
24,36,24,36,311.67,-104.964,0.8,0
24,37,24,37,333.314,-92.013,0,0
24,38,24,38,355.879,-118.63,1,0
24,39,24,39,382.28,-105.506,1,0
24,40,24,40,399.791,-101.558,0.03,0
24,41,24,41,426.517,-106.694,1,0
24,42,24,42,452.306,-121.66,1,0
24,43,24,43,481.041,-104.41,0.8,0
24,44,24,44,507.799,-96.9497,0,0
24,45,24,45,524.073,-104.057,0.4,0
24,46,24,46,541.69,-110.704,1,0
24,47,24,47,564.982,-124.151,1,0
24,48,24,48,597.506,-114.501,1,0
24,49,24,49,625.799,-103.208,0.15,0
24,50,24,50,646.297,-97.0131,0,0
24,51,24,51,671.765,-90.0956,0,0
24,52,24,52,690.904,-89.0153,0,0
24,53,24,53,722.713,-99.0839,0,0
24,54,24,54,757.367,-105.931,1,0
24,55,24,55,784.89,-106.874,1,0
24,56,24,56,803.983,-127.32,1,0
24,57,24,57,823.78,-101.759,0.03,0
24,58,24,58,852.781,-104.014,0.4,0
24,59,24,59,882.47,-112.253,1,0
24,60,24,60,912.172,-122.068,1,0
24,61,24,61,936.296,-121.53,1,0
24,62,24,62,960.965,-98.3198,0,0
24,63,24,63,986.414,-127.829,1,0
24,64,24,64,1009.04,-105.433,1,0
24,65,24,65,1040.17,-122.885,1,0
24,66,24,66,1071.97,-98.0638,0,0
24,67,24,67,1102.4,-115.118,1,0
24,68,24,68,1125.82,-121.376,1,0
24,69,24,69,1149.83,-99.7463,0.0015,0
24,70,24,70,1170.42,-121.015,1,0
24,71,24,71,1190.87,-110.22,1,0
24,72,24,72,1207.82,-120.856,1,0
24,73,24,73,1228.35,-123.431,1,0
24,74,24,74,1254.61,-103.782,0.4,0
24,75,24,DSO,471.683,-86.4676,0,0
24,76,24,Market,471.683,-112.844,1,0
25,26,25,26,26.4008,-79.3924,0,1
25,27,25,27,54.4518,-75.4884,0,0
25,28,25,28,79.0253,-90.5006,0,0
25,29,25,29,103.947,-88.9984,0,0
25,30,25,30,132.276,-95.6064,0,0
25,31,25,31,160.702,-90.6735,0,0
25,32,25,32,183.861,-83.4931,0,0
25,33,25,33,202.943,-92.036,0,0
25,34,25,34,230.853,-104.466,0.8,0
25,35,25,35,252.301,-82.0208,0,0
25,36,25,36,281.94,-90.1273,0,0
25,37,25,37,303.595,-106.588,1,0
25,38,25,38,326.156,-88.2171,0,0
25,39,25,39,352.548,-110.913,1,0
25,40,25,40,370.061,-98.5863,0,0
25,41,25,41,396.793,-108.191,1,0
25,42,25,42,422.574,-104.301,0.4,0
25,43,25,43,451.314,-110.698,1,0
25,44,25,44,478.079,-91.8915,0,0
25,45,25,45,494.353,-92.3546,0,0
25,46,25,46,511.977,-108.139,1,0
25,47,25,47,535.28,-92.2257,0,0
25,48,25,48,567.811,-119.178,1,0
25,49,25,49,596.112,-107.75,1,0
25,50,25,50,616.597,-92.93,0,0
25,51,25,51,642.078,-122.841,1,0
25,52,25,52,661.23,-119.097,1,0
25,53,25,53,693.035,-95.8495,0,0
25,54,25,54,727.69,-128.205,1,0
25,55,25,55,755.195,-107.751,1,0
25,56,25,56,774.282,-127.156,1,0
25,57,25,57,794.081,-106.831,1,0
25,58,25,58,823.092,-103.554,0.4,0
25,59,25,59,852.771,-110.184,1,0
25,60,25,60,882.479,-118.314,1,0
25,61,25,61,906.621,-97.2852,0,0
25,62,25,62,931.273,-117.544,1,0
25,63,25,63,956.718,-104.99,0.8,0
25,64,25,64,979.343,-124.614,1,0
25,65,25,65,1010.46,-102.242,0.03,0
25,66,25,66,1042.28,-125.896,1,0
25,67,25,67,1072.69,-126.067,1,0
25,68,25,68,1096.11,-114.675,1,0
25,69,25,69,1120.11,-124.675,1,0
25,70,25,70,1140.7,-119.749,1,0
25,71,25,71,1161.16,-110.04,1,0
25,72,25,72,1178.11,-113.043,1,0
25,73,25,73,1198.64,-117.531,1,0
25,74,25,74,1224.89,-93.7573,0,0
25,75,25,DSO,501.363,-91.4979,0,0
25,76,25,Market,501.363,-114.162,1,0
26,27,26,27,28.4253,-81.1349,0,0
26,28,26,28,52.6308,-86.4401,0,0
26,29,26,29,77.8332,-81.3774,0,0
26,30,26,30,106.066,-79.8093,0,0
26,31,26,31,134.417,-108.631,1,0
26,32,26,32,157.493,-110.065,1,0
26,33,26,33,176.581,-103.479,0.4,0
26,34,26,34,204.475,-110.438,1,0
26,35,26,35,225.967,-104.096,0.4,0
26,36,26,36,255.619,-108.677,1,0
26,37,26,37,277.238,-85.5233,0,0
26,38,26,38,299.808,-83.6263,0,0
26,39,26,39,326.253,-100.771,0.006,0
26,40,26,40,343.796,-82.8294,0,0
26,41,26,41,370.567,-122.516,1,0
26,42,26,42,396.285,-122.948,1,0
26,43,26,43,425.071,-122.177,1,0
26,44,26,44,451.868,-109.109,1,0
26,45,26,45,468.139,-110.887,1,0
26,46,26,46,485.787,-85.4524,0,0
26,47,26,47,509.125,-91.8817,0,0
26,48,26,48,541.673,-105.191,0.8,0
26,49,26,49,569.991,-112.359,1,0
26,50,26,50,590.445,-108.659,1,0
26,51,26,51,615.959,-110.094,1,0
26,52,26,52,635.139,-110.187,1,0
26,53,26,53,666.937,-106.905,1,0
26,54,26,54,701.592,-125.482,1,0
26,55,26,55,729.055,-106.053,1,0
26,56,26,56,748.124,-115.192,1,0
26,57,26,57,767.93,-113.353,1,0
26,58,26,58,796.962,-92.2464,0,0
26,59,26,59,826.615,-124.021,1,0
26,60,26,60,856.342,-102.53,0.15,0
26,61,26,61,880.525,-120.616,1,0
26,62,26,62,905.136,-110.479,1,0
26,63,26,63,930.57,-114.226,1,0
26,64,26,64,953.184,-107.722,1,0
26,65,26,65,984.293,-128.527,1,0
26,66,26,66,1016.12,-104.53,0.8,0
26,67,26,67,1046.52,-94.6607,0,0
26,68,26,68,1069.91,-111.794,1,0
26,69,26,69,1093.92,-132.11,1,0
26,70,26,70,1114.49,-95.1264,0,0
26,71,26,71,1134.96,-94.8956,0,0
26,72,26,72,1151.91,-97.4365,0,0
26,73,26,73,1172.44,-101.038,0.006,0
26,74,26,74,1198.68,-131.204,1,0
26,75,26,DSO,527.504,-103.031,0.15,0
26,76,26,Market,527.504,-116.196,1,0
27,28,27,28,25.4951,-64.1057,0,1
27,29,27,29,49.4975,-69.6241,0,1
27,30,27,30,77.8332,-94.4463,0,1
27,31,27,31,106.301,-95.6045,0,1
27,32,27,32,129.63,-75.85,0,1
27,33,27,33,148.678,-86.5061,0,1
27,34,27,34,176.641,-102.35,0.03,1
27,35,27,35,197.952,-80.0489,0,0
27,36,27,36,227.563,-105.4,1,0
27,37,27,37,249.289,-107.751,1,0
27,38,27,38,271.825,-89.3622,0,0
27,39,27,39,298.136,-107.903,1,0
27,40,27,40,315.626,-84.9176,0,0
27,41,27,41,342.345,-97.5087,0,0
27,42,27,42,368.155,-86.6363,0,0
27,43,27,43,396.869,-91.1769,0,0
27,44,27,44,423.628,-84.3697,0,0
27,45,27,45,439.902,-114.424,1,0
27,46,27,46,457.525,-123.182,1,0
27,47,27,47,480.833,-98.9313,0,0
27,48,27,48,513.367,-88.4765,0,0
27,49,27,49,541.673,-118.163,1,0
27,50,27,50,562.15,-117.271,1,0
27,51,27,51,587.64,-106.574,1,0
27,52,27,52,606.803,-109.167,1,0
27,53,27,53,638.606,-108.808,1,0
27,54,27,54,673.261,-108.232,1,0
27,55,27,55,700.752,-89.7271,0,0
27,56,27,56,719.835,-92.3228,0,0
27,57,27,57,739.635,-114.826,1,0
27,58,27,58,768.651,-89.9114,0,0
27,59,27,59,798.324,-103.746,0.4,0
27,60,27,60,828.037,-92.6321,0,0
27,61,27,61,852.193,-99.4552,0.0015,0
27,62,27,62,876.831,-90.9073,0,0
27,63,27,63,902.273,-108.138,1,0
27,64,27,64,924.896,-129.882,1,0
27,65,27,65,956.013,-106.584,1,0
27,66,27,66,987.828,-97.5234,0,0
27,67,27,67,1018.24,-110.625,1,0
27,68,27,68,1041.65,-116.018,1,0
27,69,27,69,1065.66,-131.408,1,0
27,70,27,70,1086.25,-108.868,1,0
27,71,27,71,1106.7,-107.132,1,0
27,72,27,72,1123.66,-122.203,1,0
27,73,27,73,1144.19,-123.823,1,0
27,74,27,74,1170.44,-118.505,1,0
27,75,27,DSO,555.802,-108.685,1,0
27,76,27,Market,555.802,-123.412,1,0
28,29,28,29,26.8328,-95.8148,0,1
28,30,28,30,54.037,-93.2969,0,1
28,31,28,31,82.0366,-84.1545,0,1
28,32,28,32,104.89,-81.2276,0,1
28,33,28,33,123.988,-83.3645,0,1
28,34,28,34,151.855,-92.7525,0,1
28,35,28,35,173.416,-112.899,1,0
28,36,28,36,203.089,-98.2717,0,0
28,37,28,37,224.644,-80.4475,0,0
28,38,28,38,247.227,-118.407,1,0
28,39,28,39,273.761,-118.454,1,0
28,40,28,40,291.359,-81.0671,0,0
28,41,28,41,318.198,-103.986,0.4,0
28,42,28,42,343.796,-84.9958,0,0
28,43,28,43,372.662,-98.157,0,0
28,44,28,44,399.516,-117.567,1,0
28,45,28,45,415.779,-123.856,1,0
28,46,28,46,433.471,-122.235,1,0
28,47,28,47,456.87,-87.2066,0,0
28,48,28,48,489.449,-116.11,1,0
28,49,28,49,517.795,-106.628,1,0
28,50,28,50,538.187,-112.341,1,0
28,51,28,51,563.76,-87.942,0,0
28,52,28,52,582.992,-119.593,1,0
28,53,28,53,614.772,-110.298,1,0
28,54,28,54,649.426,-88.0187,0,0
28,55,28,55,676.808,-95.5043,0,0
28,56,28,56,695.845,-98.6413,0,0
28,57,28,57,715.661,-114.009,1,0
28,58,28,58,744.731,-102.327,0.03,0
28,59,28,59,774.336,-128.692,1,0
28,60,28,60,804.093,-93.8084,0,0
28,61,28,61,828.351,-125.037,1,0
28,62,28,62,852.888,-116.099,1,0
28,63,28,63,878.299,-108.623,1,0
28,64,28,64,900.894,-123.782,1,0
28,65,28,65,931.984,-119.403,1,0
28,66,28,66,963.83,-105.566,1,0
28,67,28,67,994.201,-122.724,1,0
28,68,28,68,1017.54,-100.484,0.006,0
28,69,28,69,1041.57,-111.824,1,0
28,70,28,70,1062.11,-111.219,1,0
28,71,28,71,1082.59,-113.507,1,0
28,72,28,72,1099.56,-101.442,0.03,0
28,73,28,73,1120.07,-98.6925,0,0
28,74,28,74,1146.28,-107.557,1,0
28,75,28,DSO,579.843,-101.718,0.03,0
28,76,28,Market,579.843,-116.502,1,0
29,30,29,30,28.4253,-66.4392,0,1
29,31,29,31,57.0088,-85.2247,0,1
29,32,29,32,80.7094,-98.8904,0,1
29,33,29,33,99.6243,-74.4955,0,1
29,34,29,34,127.64,-92.8765,0,1
29,35,29,35,148.678,-88.5271,0,0
29,36,29,36,178.227,-94.6508,0,0
29,37,29,37,200.062,-102.102,0.03,0
29,38,29,38,222.551,-114.065,1,0
29,39,29,39,248.727,-107.688,1,0
29,40,29,40,266.177,-101.284,0.006,0
29,41,29,41,292.865,-115.802,1,0
29,42,29,42,318.729,-98.1083,0,0
29,43,29,43,347.397,-82.7132,0,0
29,44,29,44,374.14,-93.8926,0,0
29,45,29,45,390.415,-95.455,0,0
29,46,29,46,408.031,-86.7705,0,0
29,47,29,47,431.335,-114.338,1,0
29,48,29,48,463.871,-101.73,0.03,0
29,49,29,49,492.179,-120.051,1,0
29,50,29,50,512.653,-86.9028,0,0
29,51,29,51,538.146,-122.162,1,0
29,52,29,52,557.315,-98.2444,0,0
29,53,29,53,589.115,-103.048,0.15,0
29,54,29,54,623.771,-107.717,1,0
29,55,29,55,651.255,-105.481,1,0
29,56,29,56,670.337,-126.839,1,0
29,57,29,57,690.138,-103.936,0.4,0
29,58,29,58,719.156,-93.188,0,0
29,59,29,59,748.826,-98.1671,0,0
29,60,29,60,778.54,-116.423,1,0
29,61,29,61,802.704,-95.6745,0,0
29,62,29,62,827.334,-110.027,1,0
29,63,29,63,852.775,-90.3964,0,0
29,64,29,64,875.398,-121.604,1,0
29,65,29,65,906.515,-121.472,1,0
29,66,29,66,938.331,-96.8676,0,0
29,67,29,67,968.746,-130.583,1,0
29,68,29,68,992.162,-94.936,0,0
29,69,29,69,1016.17,-124.857,1,0
29,70,29,70,1036.76,-107.958,1,0
29,71,29,71,1057.21,-99.5888,0.0015,0
29,72,29,72,1074.16,-124.176,1,0
29,73,29,73,1094.69,-122.962,1,0
29,74,29,74,1120.95,-100.335,0.0015,0
29,75,29,DSO,605.298,-94.8839,0,0
29,76,29,Market,605.298,-118.027,1,0
30,31,30,31,28.6007,-74.4128,0,1
30,32,30,32,52.4786,-77.6878,0,1
30,33,30,33,71.2811,-93.0795,0,1
30,34,30,34,99.2975,-80.2906,0,1
30,35,30,35,120.254,-100.87,0.006,0
30,36,30,36,149.803,-75.8553,0,0
30,37,30,37,171.642,-91.8926,0,0
30,38,30,38,194.126,-93.3843,0,0
30,39,30,39,220.32,-89.3132,0,0
30,40,30,40,237.794,-94.4435,0,0
30,41,30,41,264.518,-117.896,1,0
30,42,30,42,290.331,-107.308,1,0
30,43,30,43,319.038,-93.9309,0,0
30,44,30,44,345.811,-85.2897,0,0
30,45,30,45,362.083,-106.234,1,0
30,46,30,46,379.722,-89.3697,0,0
30,47,30,47,403.061,-100.766,0.006,0
30,48,30,48,435.615,-85.1213,0,0
30,49,30,49,463.94,-98.7077,0,0
30,50,30,50,484.381,-89.9318,0,0
30,51,30,51,509.907,-102.508,0.15,0
30,52,30,52,529.105,-112.219,1,0
30,53,30,53,560.897,-117.087,1,0
30,54,30,54,595.552,-103.281,0.15,0
30,55,30,55,622.994,-122.068,1,0
30,56,30,56,642.059,-100.669,0.006,0
30,57,30,57,661.866,-108.722,1,0
30,58,30,58,690.904,-110.781,1,0
30,59,30,59,720.55,-100.483,0.006,0
30,60,30,60,750.281,-128.919,1,0
30,61,30,61,774.484,-98.06,0,0
30,62,30,62,799.076,-123.107,1,0
30,63,30,63,824.506,-128.326,1,0
30,64,30,64,847.119,-118.22,1,0
30,65,30,65,878.227,-130.46,1,0
30,66,30,66,910.053,-127.588,1,0
30,67,30,67,940.453,-113.135,1,0
30,68,30,68,963.845,-92.9455,0,0
30,69,30,69,987.859,-121.465,1,0
30,70,30,70,1008.43,-94.5625,0,0
30,71,30,71,1028.9,-121.366,1,0
30,72,30,72,1045.85,-111.026,1,0
30,73,30,73,1066.38,-104.231,0.4,0
30,74,30,74,1092.62,-106.412,1,0
30,75,30,DSO,633.569,-122.062,1,0
30,76,30,Market,633.569,-125.202,1,0
31,32,31,32,24.1661,-73.0281,0,1
31,33,31,33,42.72,-83.8714,0,1
31,34,31,34,70.7248,-100.4,0.006,1
31,35,31,35,91.6788,-92.5075,0,0
31,36,31,36,121.264,-92.3089,0,0
31,37,31,37,143.056,-110.597,1,0
31,38,31,38,165.557,-86.3309,0,0
31,39,31,39,191.846,-95.2007,0,0
31,40,31,40,209.38,-81.9202,0,0
31,41,31,41,236.178,-114.222,1,0
31,42,31,42,261.874,-84.2674,0,0
31,43,31,43,290.663,-91.0873,0,0
31,44,31,44,317.492,-92.2279,0,0
31,45,31,45,333.757,-93.0972,0,0
31,46,31,46,351.438,-98.4513,0,0
31,47,31,47,374.833,-96.2874,0,0
31,48,31,48,407.414,-113.496,1,0
31,49,31,49,435.764,-106.364,1,0
31,50,31,50,456.15,-97.5756,0,0
31,51,31,51,481.727,-94.1374,0,0
31,52,31,52,500.969,-105.495,1,0
31,53,31,53,532.745,-113.064,1,0
31,54,31,54,567.398,-120.972,1,0
31,55,31,55,594.771,-92.8749,0,0
31,56,31,56,613.809,-127.096,1,0
31,57,31,57,633.624,-91.4769,0,0
31,58,31,58,662.695,-90.0032,0,0
31,59,31,59,692.301,-123.29,1,0
31,60,31,60,722.056,-92.8492,0,0
31,61,31,61,746.32,-98.6095,0,0
31,62,31,62,770.851,-98.4447,0,0
31,63,31,63,796.264,-105.138,0.8,0
31,64,31,64,818.86,-104.274,0.4,0
31,65,31,65,849.953,-113.126,1,0
31,66,31,66,881.796,-96.2619,0,0
31,67,31,67,912.172,-111.91,1,0
31,68,31,68,935.524,-122.49,1,0
31,69,31,69,959.55,-94.3585,0,0
31,70,31,70,980.1,-106.4,1,0
31,71,31,71,1000.58,-126.646,1,0
31,72,31,72,1017.54,-94.3009,0,0
31,73,31,73,1038.06,-130.046,1,0
31,74,31,74,1064.28,-121.179,1,0
31,75,31,DSO,661.858,-120.592,1,0
31,76,31,Market,661.858,-102.081,0.03,0
32,33,32,33,19.105,-68.6512,0,1
32,34,32,34,47.0106,-84.6721,0,1
32,35,32,35,68.593,-89.5157,0,0
32,36,32,36,98.2904,-99.8077,0.0015,0
32,37,32,37,119.754,-86.8187,0,0
32,38,32,38,142.341,-96.4567,0,0
32,39,32,39,169,-98.4206,0,0
32,40,32,40,186.698,-87.0906,0,0
32,41,32,41,213.663,-117.247,1,0
32,42,32,42,239.019,-109.358,1,0
32,43,32,43,268.017,-92.7076,0,0
32,44,32,44,294.966,-98.1602,0,0
32,45,32,45,311.207,-108.289,1,0
32,46,32,46,328.976,-119.663,1,0
32,47,32,47,352.483,-95.6576,0,0
32,48,32,48,385.105,-122.088,1,0
32,49,32,49,413.495,-114.985,1,0
32,50,32,50,433.761,-85.709,0,0
32,51,32,51,459.436,-97.9531,0,0
32,52,32,52,478.759,-104.422,0.8,0
32,53,32,53,510.495,-121.429,1,0
32,54,32,54,545.135,-89.6602,0,0
32,55,32,55,572.368,-116.898,1,0
32,56,32,56,591.346,-103.987,0.4,0
32,57,32,57,611.176,-117.905,1,0
32,58,32,58,640.307,-93.8248,0,0
32,59,32,59,669.828,-106.975,1,0
32,60,32,60,699.629,-110.852,1,0
32,61,32,61,724.009,-97.3017,0,0
32,62,32,62,748.42,-115.735,1,0
32,63,32,63,773.793,-91.1077,0,0
32,64,32,64,796.354,-127.673,1,0
32,65,32,65,827.413,-102.904,0.15,0
32,66,32,66,859.289,-103.838,0.4,0
32,67,32,67,889.612,-92.1447,0,0
32,68,32,68,912.877,-111.221,1,0
32,69,32,69,936.93,-118.865,1,0
32,70,32,70,957.424,-126.303,1,0
32,71,32,71,977.931,-118.296,1,0
32,72,32,72,994.906,-101.68,0.03,0
32,73,32,73,1015.41,-109.028,1,0
32,74,32,74,1041.58,-117.956,1,0
32,75,32,DSO,684.573,-119.096,1,0
32,76,32,Market,684.573,-94.9735,0,0
33,34,33,34,28.0179,-82.0652,0,1
33,35,33,35,49.4975,-79.6736,0,0
33,36,33,36,79.196,-71.2447,0,0
33,37,33,37,100.658,-103.383,0.4,0
33,38,33,38,123.24,-78.8829,0,0
33,39,33,39,149.907,-76.9014,0,0
33,40,33,40,167.622,-83.8995,0,0
33,41,33,41,194.61,-102.808,0.15,0
33,42,33,42,219.92,-91.9481,0,0
33,43,33,43,248.938,-110.165,1,0
33,44,33,44,275.902,-82.5838,0,0
33,45,33,45,292.139,-113.621,1,0
33,46,33,46,309.919,-105.706,1,0
33,47,33,47,333.444,-100.274,0.0015,0
33,48,33,48,366.072,-103.43,0.4,0
33,49,33,49,394.468,-112.061,1,0
33,50,33,50,414.712,-108.73,1,0
33,51,33,51,440.402,-91.0141,0,0
33,52,33,52,459.74,-102.221,0.03,0
33,53,33,53,491.467,-110.2,1,0
33,54,33,54,526.104,-120.006,1,0
33,55,33,55,553.312,-121.39,1,0
33,56,33,56,572.281,-104.991,0.8,0
33,57,33,57,592.112,-122.408,1,0
33,58,33,58,621.252,-88.1577,0,0
33,59,33,59,650.76,-105.132,0.8,0
33,60,33,60,680.567,-123.256,1,0
33,61,33,61,704.965,-99.589,0.0015,0
33,62,33,62,729.357,-115.183,1,0
33,63,33,63,754.724,-123.164,1,0
33,64,33,64,777.281,-122.408,1,0
33,65,33,65,808.335,-99.9452,0.0015,0
33,66,33,66,840.214,-128.235,1,0
33,67,33,67,870.531,-93.8571,0,0
33,68,33,68,893.787,-92.7374,0,0
33,69,33,69,917.842,-108.64,1,0
33,70,33,70,938.331,-100.526,0.006,0
33,71,33,71,958.841,-111.912,1,0
33,72,33,72,975.817,-93.9973,0,0
33,73,33,73,996.316,-94.2204,0,0
33,74,33,74,1022.49,-108.736,1,0
33,75,33,DSO,703.674,-106.886,1,0
33,76,33,Market,703.674,-123.177,1,0
34,35,34,35,22.4722,-70.2846,0,0
34,36,34,36,51.8556,-69.2371,0,0
34,37,34,37,72.8629,-89.3394,0,0
34,38,34,38,95.483,-90.1992,0,0
34,39,34,39,122.43,-89.6734,0,0
34,40,34,40,140.264,-79.6369,0,0
34,41,34,41,167.362,-114.733,1,0
34,42,34,42,192.354,-108.274,1,0
34,43,34,43,221.515,-99.6556,0.0015,0
34,44,34,44,248.558,-113.242,1,0
34,45,34,45,264.764,-87.0933,0,0
34,46,34,46,282.604,-82.4314,0,0
34,47,34,47,306.206,-96.0499,0,0
34,48,34,48,338.851,-101.734,0.03,0
34,49,34,49,367.266,-97.1743,0,0
34,50,34,50,387.408,-93.016,0,0
34,51,34,51,413.165,-100.09,0.0015,0
34,52,34,52,432.56,-122.496,1,0
34,53,34,53,464.247,-123.349,1,0
34,54,34,54,498.865,-123.392,1,0
34,55,34,55,525.963,-125.179,1,0
34,56,34,56,544.885,-110.96,1,0
34,57,34,57,564.725,-124.394,1,0
34,58,34,58,593.903,-126.09,1,0
34,59,34,59,623.347,-115.796,1,0
34,60,34,60,653.184,-101.771,0.03,0
34,61,34,61,677.661,-89.4414,0,0
34,62,34,62,701.964,-124.517,1,0
34,63,34,63,727.303,-105.252,0.8,0
34,64,34,64,749.833,-106.559,1,0
34,65,34,65,780.862,-126.772,1,0
34,66,34,66,812.761,-99.3081,0,0
34,67,34,67,843.042,-123.277,1,0
34,68,34,68,866.241,-128.062,1,0
34,69,34,69,890.311,-117.057,1,0
34,70,34,70,910.763,-118.233,1,0
34,71,34,71,931.292,-101.44,0.03,0
34,72,34,72,948.275,-93.8114,0,0
34,73,34,73,968.762,-111.604,1,0
34,74,34,74,994.899,-126.449,1,0
34,75,34,DSO,731.345,-116.059,1,0
34,76,34,Market,731.345,-117.014,1,0
35,36,35,36,29.6985,-85.5172,0,1
35,37,35,37,51.4004,-90.0926,0,1
35,38,35,38,73.8783,-88.9166,0,1
35,39,35,39,100.409,-101.007,0.006,1
35,40,35,40,118.14,-73.6073,0,1
35,41,35,41,145.165,-85.051,0,1
35,42,35,42,170.426,-95.1396,0,1
35,43,35,43,199.449,-101.692,0.03,1
35,44,35,44,226.433,-89.4167,0,1
35,45,35,45,242.662,-81.5408,0,1
35,46,35,46,260.461,-101.689,0.03,1
35,47,35,47,284.016,-85.9635,0,1
35,48,35,48,316.653,-102.939,0.15,1
35,49,35,49,345.058,-92.3657,0,1
35,50,35,50,365.262,-104.106,0.4,1
35,51,35,51,390.978,-95.3224,0,1
35,52,35,52,410.343,-96.4401,0,1
35,53,35,53,442.052,-101.452,0.03,1
35,54,35,54,476.681,-87.818,0,1
35,55,35,55,503.849,-106.456,1,0
35,56,35,56,522.805,-121.922,1,0
35,57,35,57,542.639,-89.5356,0,0
35,58,35,58,571.79,-94.9562,0,0
35,59,35,59,601.28,-99.2734,0,0
35,60,35,60,631.096,-120.727,1,0
35,61,35,61,655.52,-113.001,1,0
35,62,35,62,679.883,-123.596,1,0
35,63,35,63,705.244,-114.536,1,0
35,64,35,64,727.795,-108.386,1,0
35,65,35,65,758.845,-92.1523,0,0
35,66,35,66,790.728,-113.575,1,0
35,67,35,67,821.039,-105.832,1,0
35,68,35,68,844.29,-111.297,1,0
35,69,35,69,868.346,-92.7625,0,0
35,70,35,70,888.834,-115.645,1,0
35,71,35,71,909.344,-111.315,1,0
35,72,35,72,926.32,-125.213,1,0
35,73,35,73,946.818,-98.5796,0,0
35,74,35,74,972.988,-102.724,0.15,0
35,75,35,DSO,753.165,-118.977,1,0
35,76,35,Market,753.165,-124.564,1,0
36,37,36,37,22.3607,-75.2853,0,1
36,38,36,38,44.4072,-87.3329,0,1
36,39,36,39,70.7107,-81.3124,0,1
36,40,36,40,88.459,-75.2152,0,1
36,41,36,41,115.521,-98.7081,0,1
36,42,36,42,140.73,-83.724,0,1
36,43,36,43,169.759,-102.211,0.03,1
36,44,36,44,196.759,-101.394,0.03,1
36,45,36,45,212.981,-87.8209,0,1
36,46,36,46,230.794,-84.1973,0,1
36,47,36,47,254.372,-95.0239,0,1
36,48,36,48,287.014,-87.3082,0,1
36,49,36,49,315.425,-100.522,0.006,1
36,50,36,50,335.598,-90.9125,0,1
36,51,36,51,361.334,-96.6615,0,1
36,52,36,52,380.716,-99.7462,0.0015,1
36,53,36,53,412.412,-86.3499,0,1
36,54,36,54,447.036,-96.5972,0,1
36,55,36,55,474.175,-115.208,1,0
36,56,36,56,493.122,-117.254,1,0
36,57,36,57,512.957,-123.806,1,0
36,58,36,58,542.116,-106.949,1,0
36,59,36,59,571.594,-108.205,1,0
36,60,36,60,601.415,-97.8127,0,0
36,61,36,61,625.856,-95.3079,0,0
36,62,36,62,650.201,-113.75,1,0
36,63,36,63,675.557,-118.386,1,0
36,64,36,64,698.104,-114.992,1,0
36,65,36,65,729.151,-89.2253,0,0
36,66,36,66,761.036,-106.684,1,0
36,67,36,67,791.344,-102.774,0.15,0
36,68,36,68,814.592,-107.261,1,0
36,69,36,69,838.648,-126.852,1,0
36,70,36,70,859.135,-97.5258,0,0
36,71,36,71,879.645,-114.097,1,0
36,72,36,72,896.621,-116.746,1,0
36,73,36,73,917.12,-125.132,1,0
36,74,36,74,943.29,-127.701,1,0
36,75,36,DSO,782.86,-113.737,1,0
36,76,36,Market,782.86,-91.6061,0,0
37,38,37,38,22.6274,-91.672,0,1
37,39,37,39,50,-95.0233,0,1
37,40,37,40,68.0074,-103.507,0.4,1
37,41,37,41,95.2103,-84.3746,0,1
37,42,37,42,119.604,-86.0705,0,1
37,43,37,43,148.923,-80.0536,0,1
37,44,37,44,176.051,-79.9687,0,1
37,45,37,45,192.2,-79.5722,0,1
37,46,37,46,210.109,-95.739,0,1
37,47,37,47,233.805,-100.09,0.0015,1
37,48,37,48,266.453,-85.258,0,1
37,49,37,49,294.878,-82.5118,0,1
37,50,37,50,314.875,-91.0132,0,1
37,51,37,51,340.708,-90.3311,0,1
37,52,37,52,360.174,-83.2903,0,1
37,53,37,53,391.796,-95.6712,0,1
37,54,37,54,426.381,-85.1272,0,1
37,55,37,55,453.345,-122.047,1,0
37,56,37,56,472.217,-125.058,1,0
37,57,37,57,492.062,-103.04,0.15,0
37,58,37,58,521.277,-109.299,1,0
37,59,37,59,550.654,-88.6023,0,0
37,60,37,60,580.517,-98.6876,0,0
37,61,37,61,605.075,-109.212,1,0
37,62,37,62,629.286,-124.811,1,0
37,63,37,63,654.597,-96.0803,0,0
37,64,37,64,677.103,-108.574,1,0
37,65,37,65,708.111,-122.811,1,0
37,66,37,66,740.024,-107.249,1,0
37,67,37,67,770.276,-118.263,1,0
37,68,37,68,793.436,-113.181,1,0
37,69,37,69,817.515,-127.167,1,0
37,70,37,70,837.946,-100.706,0.006,0
37,71,37,71,858.485,-109.759,1,0
37,72,37,72,875.471,-102.733,0.15,0
37,73,37,73,895.951,-127.658,1,0
37,74,37,74,922.072,-105.838,1,0
37,75,37,DSO,804.207,-125.332,1,0
37,76,37,Market,804.207,-99.5615,0.0015,0
38,39,38,39,27.7849,-64.1445,0,1
38,40,38,40,45.793,-88.2741,0,1
38,41,38,41,72.9452,-96.77,0,1
38,42,38,42,97,-76.7709,0,1
38,43,38,43,126.372,-76.5871,0,1
38,44,38,44,153.525,-92.4529,0,1
38,45,38,45,169.65,-94.438,0,1
38,46,38,46,187.579,-82.2959,0,1
38,47,38,47,211.303,-90.526,0,1
38,48,38,48,243.945,-82.6245,0,1
38,49,38,49,272.369,-99.2115,0,1
38,50,38,50,292.318,-100.261,0.0015,1
38,51,38,51,318.173,-99.5564,0.0015,1
38,52,38,52,337.658,-94.0695,0,1
38,53,38,53,369.259,-100.972,0.006,1
38,54,38,54,403.833,-97.7342,0,1
38,55,38,55,430.76,-112.533,1,0
38,56,38,56,449.619,-89.975,0,0
38,57,38,57,469.465,-112.374,1,0
38,58,38,58,498.688,-106.225,1,0
38,59,38,59,528.049,-114.016,1,0
38,60,38,60,557.918,-110.917,1,0
38,61,38,61,582.495,-111.726,1,0
38,62,38,62,606.684,-95.5643,0,0
38,63,38,63,631.988,-93.7296,0,0
38,64,38,64,654.49,-127.697,1,0
38,65,38,65,685.493,-118.828,1,0
38,66,38,66,717.409,-94.4787,0,0
38,67,38,67,747.656,-120.392,1,0
38,68,38,68,770.81,-118.166,1,0
38,69,38,69,794.89,-125.846,1,0
38,70,38,70,815.319,-115.797,1,0
38,71,38,71,835.859,-99.4696,0.0015,0
38,72,38,72,852.846,-122.248,1,0
38,73,38,73,873.325,-97.5669,0,0
38,74,38,74,899.444,-115.305,1,0
38,75,38,DSO,826.828,-105.668,1,0
38,76,38,Market,826.828,-119.072,1,0
39,40,39,40,18.0278,-69.6176,0,1
39,41,39,41,45.2217,-86.2366,0,1
39,42,39,42,70.0357,-101.202,0.006,1
39,43,39,43,99.0858,-97.4985,0,1
39,44,39,44,126.151,-98.235,0,1
39,45,39,45,142.341,-87.6489,0,1
39,46,39,46,160.206,-94.8259,0,1
39,47,39,47,183.861,-94.0726,0,1
39,48,39,48,216.511,-79.4346,0,1
39,49,39,49,244.935,-83.4348,0,1
39,50,39,50,265.002,-97.164,0,1
39,51,39,51,290.795,-85.5494,0,1
39,52,39,52,310.234,-96.4463,0,1
39,53,39,53,341.883,-90.1077,0,1
39,54,39,54,376.485,-95.5562,0,1
39,55,39,55,403.537,-107.779,1,0
39,56,39,56,422.456,-111.297,1,0
39,57,39,57,442.295,-112.144,1,0
39,58,39,58,471.476,-109.508,1,0
39,59,39,59,500.919,-105.316,0.8,0
39,60,39,60,530.754,-94.3513,0,0
39,61,39,61,555.244,-90.0928,0,0
39,62,39,62,579.535,-93.5667,0,0
39,63,39,63,604.878,-96.7127,0,0
39,64,39,64,627.415,-99.6124,0.0015,0
39,65,39,65,658.453,-106.511,1,0
39,66,39,66,690.345,-109.951,1,0
39,67,39,67,720.642,-96.7743,0,0
39,68,39,68,743.882,-102.706,0.15,0
39,69,39,69,767.939,-90.4018,0,0
39,70,39,70,788.424,-108.98,1,0
39,71,39,71,808.935,-119.01,1,0
39,72,39,72,825.912,-124.75,1,0
39,73,39,73,846.409,-119.224,1,0
39,74,39,74,872.58,-122.528,1,0
39,75,39,DSO,853.563,-103.517,0.4,0
39,76,39,Market,853.563,-112.166,1,0
40,41,40,41,27.2029,-94.1083,0,1
40,42,40,42,52.6308,-73.3654,0,1
40,43,40,43,81.3204,-87.0179,0,1
40,44,40,44,108.301,-100.403,0.006,1
40,45,40,45,124.523,-99.8638,0.0015,1
40,46,40,46,142.341,-92.3524,0,1
40,47,40,47,165.952,-99.3173,0,1
40,48,40,48,198.6,-85.6649,0,1
40,49,40,49,227.02,-94.4462,0,1
40,50,40,50,247.146,-100.717,0.006,1
40,51,40,51,272.905,-82.4322,0,1
40,52,40,52,292.318,-93.1931,0,1
40,53,40,53,323.989,-101.498,0.03,1
40,54,40,54,358.603,-95.9623,0,1
40,55,40,55,385.716,-115.254,1,0
40,56,40,56,404.665,-111.141,1,0
40,57,40,57,424.5,-104.423,0.8,0
40,58,40,58,453.657,-120.78,1,0
40,59,40,59,483.141,-118.188,1,0
40,60,40,60,512.957,-88.9057,0,0
40,61,40,61,537.402,-105.734,1,0
40,62,40,62,561.744,-121.81,1,0
40,63,40,63,587.105,-120.959,1,0
40,64,40,64,609.659,-95.0115,0,0
40,65,40,65,640.715,-117.844,1,0
40,66,40,66,672.593,-122.222,1,0
40,67,40,67,702.915,-105.72,1,0
40,68,40,68,726.199,-115.582,1,0
40,69,40,69,750.243,-94.193,0,0
40,70,40,70,770.758,-103.188,0.15,0
40,71,40,71,791.253,-108.629,1,0
40,72,40,72,808.223,-95.8819,0,0
40,73,40,73,828.73,-93.21,0,0
40,74,40,74,854.927,-115.73,1,0
40,75,40,DSO,871.197,-126.005,1,0
40,76,40,Market,871.197,-124.39,1,0
41,42,41,42,27.313,-62.5219,0,1
41,43,41,43,54.5619,-99.288,0,1
41,44,41,44,81.3204,-103.442,0.4,1
41,45,41,45,97.5807,-96.5931,0,1
41,46,41,46,115.313,-87.5742,0,1
41,47,41,47,138.852,-98.1242,0,1
41,48,41,48,171.493,-84.2745,0,1
41,49,41,49,199.905,-94.8659,0,1
41,50,41,50,220.102,-84.536,0,1
41,51,41,51,245.815,-92.9582,0,1
41,52,41,52,265.198,-95.3571,0,1
41,53,41,53,296.892,-101.88,0.03,1
41,54,41,54,331.518,-88.9775,0,1
41,55,41,55,358.705,-87.2821,0,0
41,56,41,56,377.69,-86.2019,0,0
41,57,41,57,397.517,-100.107,0.0015,0
41,58,41,58,426.644,-99.0897,0,0
41,59,41,59,456.177,-120.211,1,0
41,60,41,60,485.968,-90.3451,0,0
41,61,41,61,510.358,-124.101,1,0
41,62,41,62,534.76,-111.62,1,0
41,63,41,63,560.143,-105.609,1,0
41,64,41,64,582.718,-103.542,0.4,0
41,65,41,65,613.795,-98.1531,0,0
41,66,41,66,645.654,-127.513,1,0
41,67,41,67,676.007,-121.765,1,0
41,68,41,68,699.346,-125.768,1,0
41,69,41,69,723.373,-126.766,1,0
41,70,41,70,743.925,-95.0762,0,0
41,71,41,71,764.398,-97.0366,0,0
41,72,41,72,781.361,-105.329,0.8,0
41,73,41,73,801.879,-93.9659,0,0
41,74,41,74,828.109,-108.501,1,0
41,75,41,DSO,898.036,-94.5928,0,0
41,76,41,Market,898.036,-113.18,1,0
42,43,42,43,29.6816,-78.6018,0,1
42,44,42,44,56.8595,-97.9868,0,1
42,45,42,45,72.8011,-73.3174,0,1
42,46,42,46,90.802,-90.3259,0,1
42,47,42,47,114.621,-95.7124,0,1
42,48,42,48,147.201,-91.8341,0,1
42,49,42,49,175.602,-89.5854,0,1
42,50,42,50,195.389,-87.9742,0,1
42,51,42,51,221.298,-82.7398,0,1
42,52,42,52,240.84,-80.2016,0,1
42,53,42,53,272.369,-103.979,0.4,1
42,54,42,54,306.91,-88.9552,0,1
42,55,42,55,333.768,-98.266,0,0
42,56,42,56,352.619,-110.053,1,0
42,57,42,57,372.465,-121.788,1,0
42,58,42,58,401.693,-97.9625,0,0
42,59,42,59,431.051,-92.4242,0,0
42,60,42,60,460.918,-123.917,1,0
42,61,42,61,485.507,-105.6,1,0
42,62,42,62,509.684,-90.7331,0,0
42,63,42,63,534.993,-97.3001,0,0
42,64,42,64,557.503,-94.104,0,0
42,65,42,65,588.518,-120.203,1,0
42,66,42,66,620.426,-123.108,1,0
42,67,42,67,650.692,-97.6852,0,0
42,68,42,68,673.891,-111.584,1,0
42,69,42,69,697.958,-90.4556,0,0
42,70,42,70,718.422,-101.174,0.006,0
42,71,42,71,738.943,-94.693,0,0
42,72,42,72,755.924,-89.2763,0,0
42,73,42,73,776.415,-92.766,0,0
42,74,42,74,802.569,-98.8698,0,0
42,75,42,DSO,923.59,-104.408,0.8,0
42,76,42,Market,923.59,-96.8019,0,0
43,44,43,44,27.2029,-77.2248,0,1
43,45,43,45,43.2782,-72.5389,0,1
43,46,43,46,61.2209,-95.6264,0,1
43,47,43,47,85,-75.44,0,1
43,48,43,48,117.614,-104.322,0.4,1
43,49,43,49,146.031,-102.977,0.15,1
43,50,43,50,165.952,-86.5382,0,1
43,51,43,51,191.802,-96.1532,0,1
43,52,43,52,211.303,-83.0715,0,1
43,53,43,53,242.887,-99.2173,0,1
43,54,43,54,277.462,-100.508,0.006,1
43,55,43,55,304.454,-95.8862,0,0
43,56,43,56,323.371,-90.8387,0,0
43,57,43,57,343.21,-93.4115,0,0
43,58,43,58,372.392,-94.3887,0,0
43,59,43,59,401.838,-120.747,1,0
43,60,43,60,431.669,-123.659,1,0
43,61,43,61,456.169,-100.338,0.0015,0
43,62,43,62,480.451,-116.603,1,0
43,63,43,63,505.799,-105.471,1,0
43,64,43,64,528.346,-86.3989,0,0
43,65,43,65,559.397,-96.8081,0,0
43,66,43,66,591.278,-87.483,0,0
43,67,43,67,621.596,-122.945,1,0
43,68,43,68,644.883,-108.446,1,0
43,69,43,69,668.925,-103.514,0.4,0
43,70,43,70,689.447,-104.359,0.4,0
43,71,43,71,709.937,-100.604,0.006,0
43,72,43,72,726.906,-96.8928,0,0
43,73,43,73,747.415,-117.851,1,0
43,74,43,74,773.621,-107.448,1,0
43,75,43,DSO,952.505,-98.8883,0,0
43,76,43,Market,952.505,-95.8966,0,0
44,45,44,45,16.2788,-60.6364,0,1
44,46,44,46,34.0588,-69.413,0,1
44,47,44,47,57.8014,-100.395,0.006,1
44,48,44,48,90.4268,-97.5916,0,1
44,49,44,49,118.849,-102.942,0.15,1
44,50,44,50,138.852,-102.104,0.03,1
44,51,44,51,164.657,-99.6286,0.0015,1
44,52,44,52,184.133,-86.6793,0,1
44,53,44,53,215.745,-88.0707,0,1
44,54,44,54,250.338,-93.3318,0,1
44,55,44,55,277.417,-105.469,1,0
44,56,44,56,296.38,-113.496,1,0
44,57,44,57,316.21,-107.21,1,0
44,58,44,58,345.358,-114.705,1,0
44,59,44,59,374.863,-96.2564,0,0
44,60,44,60,404.665,-105.857,1,0
44,61,44,61,429.104,-87.027,0,0
44,62,44,62,453.455,-96.4364,0,0
44,63,44,63,478.829,-120.501,1,0
44,64,44,64,501.399,-124.935,1,0
44,65,44,65,532.474,-104.6,0.8,0
44,66,44,66,564.335,-103.631,0.4,0
44,67,44,67,594.687,-117.717,1,0
44,68,44,68,618.037,-115.499,1,0
44,69,44,69,642.059,-97.9833,0,0
44,70,44,70,662.623,-122.821,1,0
44,71,44,71,683.089,-112.021,1,0
44,72,44,72,700.049,-127.469,1,0
44,73,44,73,720.57,-105.982,1,0
44,74,44,74,746.813,-97.1169,0,0
44,75,44,DSO,979.349,-106.779,1,0
44,76,44,Market,979.349,-95.9064,0,0
45,46,45,46,18.0278,-61.8636,0,1
45,47,45,47,41.8808,-83.6015,0,1
45,48,45,48,74.4043,-78.8788,0,1
45,49,45,49,102.801,-94.3981,0,1
45,50,45,50,122.674,-76.6249,0,1
45,51,45,51,148.529,-75.136,0,1
45,52,45,52,168.048,-88.2992,0,1
45,53,45,53,199.612,-100.285,0.0015,1
45,54,45,54,234.184,-84.4183,0,1
45,55,45,55,261.199,-104.616,0.8,0
45,56,45,56,280.143,-92.2193,0,0
45,57,45,57,299.977,-108.114,1,0
45,58,45,58,329.14,-121.26,1,0
45,59,45,59,358.621,-83.1042,0,0
45,60,45,60,388.434,-118.962,1,0
45,61,45,61,412.903,-111.128,1,0
45,62,45,62,437.221,-122.214,1,0
45,63,45,63,462.586,-105.107,0.8,0
45,64,45,64,485.149,-87.7192,0,0
45,65,45,65,516.219,-95.1692,0,0
45,66,45,66,548.085,-110.453,1,0
45,67,45,67,578.429,-93.9171,0,0
45,68,45,68,601.768,-90.0922,0,0
45,69,45,69,625.793,-95.0041,0,0
45,70,45,70,646.351,-102.083,0.03,0
45,71,45,71,666.82,-121.927,1,0
45,72,45,72,683.781,-117.272,1,0
45,73,45,73,704.301,-127.935,1,0
45,74,45,74,730.54,-92.0102,0,0
45,75,45,DSO,995.615,-128.188,1,0
45,76,45,Market,995.615,-108.831,1,0
46,47,46,47,23.8537,-73.1221,0,1
46,48,46,48,56.4004,-81.8665,0,1
46,49,46,49,84.8116,-101.454,0.03,1
46,50,46,50,104.805,-88.721,0,1
46,51,46,51,130.599,-95.8532,0,1
46,52,46,52,150.083,-99.9675,0.0015,1
46,53,46,53,181.687,-102.576,0.15,1
46,54,46,54,216.28,-97.7256,0,1
46,55,46,55,243.393,-93.84,0,0
46,56,46,56,262.383,-103.653,0.4,0
46,57,46,57,282.207,-116.223,1,0
46,58,46,58,311.333,-113.031,1,0
46,59,46,59,340.872,-92.8942,0,0
46,60,46,60,370.656,-87.065,0,0
46,61,46,61,395.062,-86.1772,0,0
46,62,46,62,419.448,-105.61,1,0
46,63,46,63,444.838,-90.327,0,0
46,64,46,64,467.424,-99.7098,0.0015,0
46,65,46,65,498.515,-96.6633,0,0
46,66,46,66,530.36,-110.34,1,0
46,67,46,67,560.736,-109.535,1,0
46,68,46,68,584.132,-125.359,1,0
46,69,46,69,608.138,-97.3356,0,0
46,70,46,70,628.733,-103.358,0.15,0
46,71,46,71,649.179,-95.274,0,0
46,72,46,72,666.132,-103.866,0.4,0
46,73,46,73,686.662,-126.374,1,0
46,74,46,74,712.933,-120.363,1,0
46,75,46,DSO,1013.28,-129.885,1,0
46,76,46,Market,1013.28,-117.594,1,0
47,48,47,48,32.6497,-66.2387,0,1
47,49,47,49,61.0737,-83.1487,0,1
47,50,47,50,81.3204,-95.0755,0,1
47,51,47,51,106.963,-99.819,0.0015,1
47,52,47,52,126.372,-84.413,0,1
47,53,47,53,158.041,-91.8117,0,1
47,54,47,54,192.666,-80.3972,0,1
47,55,47,55,219.939,-83.9668,0,0
47,56,47,56,239.002,-91.8081,0,0
47,57,47,57,258.805,-97.9614,0,0
47,58,47,58,287.863,-107.247,1,0
47,59,47,59,317.492,-95.0876,0,0
47,60,47,60,347.225,-85.9671,0,0
47,61,47,61,371.528,-91.7948,0,0
47,62,47,62,396.02,-106.327,1,0
47,63,47,63,421.445,-121.202,1,0
47,64,47,64,444.063,-105.237,0.8,0
47,65,47,65,475.184,-112.799,1,0
47,66,47,66,506.996,-97.126,0,0
47,67,47,67,537.418,-110.235,1,0
47,68,47,68,560.897,-103.39,0.4,0
47,69,47,69,584.873,-116.884,1,0
47,70,47,70,605.521,-107.422,1,0
47,71,47,71,625.934,-109.286,1,0
47,72,47,72,642.872,-109.947,1,0
47,73,47,73,663.417,-116.133,1,0
47,74,47,74,689.734,-104.284,0.4,0
47,75,47,DSO,1036.63,-129.211,1,0
47,76,47,Market,1036.63,-120.301,1,0
48,49,48,49,28.4253,-95.255,0,1
48,50,48,50,48.8365,-100.306,0.0015,1
48,51,48,51,74.3303,-75.7972,0,1
48,52,48,52,93.723,-98.5781,0,1
48,53,48,53,125.399,-84.1677,0,1
48,54,48,54,160.031,-78.6247,0,1
48,55,48,55,187.385,-77.4558,0,0
48,56,48,56,206.495,-117.121,1,0
48,57,48,57,226.279,-93.3187,0,0
48,58,48,58,255.29,-89.2722,0,0
48,59,48,59,284.972,-107.073,1,0
48,60,48,60,314.67,-108.057,1,0
48,61,48,61,338.917,-100.409,0.006,0
48,62,48,62,363.464,-86.4707,0,0
48,63,48,63,388.909,-114.237,1,0
48,64,48,64,411.546,-92.3954,0,0
48,65,48,65,442.685,-123.612,1,0
48,66,48,66,474.473,-105.313,0.8,0
48,67,48,67,504.924,-99.2944,0,0
48,68,48,68,528.459,-90.3346,0,0
48,69,48,69,552.414,-122.862,1,0
48,70,48,70,573.099,-102.396,0.15,0
48,71,48,71,593.485,-110.717,1,0
48,72,48,72,610.414,-108.908,1,0
48,73,48,73,630.968,-107.238,1,0
48,74,48,74,657.317,-101.6,0.03,0
48,75,48,DSO,1069.17,-93.1919,0,0
48,76,48,Market,1069.17,-114.493,1,0
49,50,49,50,21.095,-71.445,0,1
49,51,49,51,45.9674,-86.3959,0,1
49,52,49,52,65.2993,-93.314,0,1
49,53,49,53,97,-87.0361,0,1
49,54,49,54,131.643,-101.001,0.006,1
49,55,49,55,159.113,-103.561,0.4,0
49,56,49,56,178.281,-101.826,0.03,0
49,57,49,57,198.035,-104.75,0.8,0
49,58,49,58,226.982,-97.3347,0,0
49,59,49,59,256.727,-107.358,1,0
49,60,49,60,286.379,-87.066,0,0
49,61,49,61,310.556,-103.979,0.4,0
49,62,49,62,335.169,-84.098,0,0
49,63,49,63,360.636,-97.1408,0,0
49,64,49,64,383.294,-103.397,0.4,0
49,65,49,65,414.451,-108.55,1,0
49,66,49,66,446.212,-111.136,1,0
49,67,49,67,476.693,-122.67,1,0
49,68,49,68,500.289,-114.115,1,0
49,69,49,69,524.218,-109.942,1,0
49,70,49,70,544.942,-113.904,1,0
49,71,49,71,565.301,-125.905,1,0
49,72,49,72,582.217,-109.924,1,0
49,73,49,73,602.78,-104.92,0.8,0
49,74,49,74,629.162,-112.621,1,0
49,75,49,DSO,1097.47,-122.069,1,0
49,76,49,Market,1097.47,-100.859,0.006,0
50,51,50,51,26.0768,-61.5054,0,1
50,52,50,52,45.793,-71.1457,0,1
50,53,50,53,77.0065,-99.9958,0.0015,1
50,54,50,54,111.521,-73.7322,0,1
50,55,50,55,138.622,-95.2441,0,0
50,56,50,56,157.686,-82.6607,0,0
50,57,50,57,177.485,-76.8721,0,0
50,58,50,58,206.553,-116.972,1,0
50,59,50,59,236.174,-90.2288,0,0
50,60,50,60,265.906,-90.7821,0,0
50,61,50,61,290.259,-102.325,0.03,0
50,62,50,62,314.701,-86.0333,0,0
50,63,50,63,340.125,-113.027,1,0
50,64,50,64,362.746,-111.319,1,0
50,65,50,65,393.874,-85.7071,0,0
50,66,50,66,425.678,-105.668,1,0
50,67,50,67,456.111,-106.82,1,0
50,68,50,68,479.627,-116.662,1,0
50,69,50,69,503.587,-117.757,1,0
50,70,50,70,524.264,-102.852,0.15,0
50,71,50,71,544.656,-112.382,1,0
50,72,50,72,561.587,-117.588,1,0
50,73,50,73,582.138,-124.235,1,0
50,74,50,74,608.482,-91.5504,0,0
50,75,50,DSO,1117.95,-95.6339,0,0
50,76,50,Market,1117.95,-123.046,1,0
51,52,51,52,19.7231,-68.648,0,1
51,53,51,53,51.0882,-86.0813,0,1
51,54,51,54,85.703,-82.8823,0,1
51,55,51,55,113.172,-103.351,0.15,0
51,56,51,56,132.382,-110.628,1,0
51,57,51,57,152.109,-99.3089,0,0
51,58,51,58,181.019,-93.83,0,0
51,59,51,59,210.794,-111.472,1,0
51,60,51,60,240.42,-109.783,1,0
51,61,51,61,264.594,-115.97,1,0
51,62,51,62,289.208,-106.036,1,0
51,63,51,63,314.682,-120.542,1,0
51,64,51,64,337.35,-111.808,1,0
51,65,51,65,368.517,-122.946,1,0
51,66,51,66,400.262,-116.643,1,0
51,67,51,67,430.759,-89.9469,0,0
51,68,51,68,454.394,-96.1766,0,0
51,69,51,69,478.305,-88.092,0,0
51,70,51,70,499.056,-124.598,1,0
51,71,51,71,519.394,-88.9248,0,0
51,72,51,72,536.302,-103.543,0.4,0
51,73,51,73,556.871,-87.181,0,0
51,74,51,74,583.275,-91.6616,0,0
51,75,51,DSO,1143.44,-131.713,1,0
51,76,51,Market,1143.44,-101.636,0.03,0
52,53,52,53,31.8277,-65.523,0,1
52,54,52,54,66.468,-76.7867,0,1
52,55,52,55,94.3663,-104.842,0.8,0
52,56,52,56,113.701,-88.1753,0,0
52,57,52,57,133.304,-101.58,0.03,0
52,58,52,58,162.003,-113.143,1,0
52,59,52,59,191.919,-96.8409,0,0
52,60,52,60,221.416,-90.1673,0,0
52,61,52,61,245.392,-93.3412,0,0
52,62,52,62,270.174,-91.7162,0,0
52,63,52,63,295.692,-95.2389,0,0
52,64,52,64,318.399,-101.43,0.03,0
52,65,52,65,349.597,-92.7011,0,0
52,66,52,66,381.278,-85.969,0,0
52,67,52,67,411.83,-120.411,1,0
52,68,52,68,435.574,-108.337,1,0
52,69,52,69,459.436,-113.946,1,0
52,70,52,70,480.252,-117.164,1,0
52,71,52,71,500.537,-86.702,0,0
52,72,52,72,517.421,-86.1172,0,0
52,73,52,73,538.004,-104.753,0.8,0
52,74,52,74,564.462,-88.0905,0,0
52,75,52,DSO,1162.59,-104.237,0.4,0
52,76,52,Market,1162.59,-120.321,1,0
53,54,53,54,34.6554,-63.6303,0,1
53,55,53,55,62.6259,-95.5162,0,0
53,56,53,56,82.0061,-105.34,0.8,0
53,57,53,57,101.533,-106.086,1,0
53,58,53,58,130.177,-104.807,0.8,0
53,59,53,59,160.112,-92.5849,0,0
53,60,53,60,189.589,-90.4219,0,0
53,61,53,61,213.588,-85.3903,0,0
53,62,53,62,238.346,-111.083,1,0
53,63,53,63,263.865,-113.627,1,0
53,64,53,64,286.575,-93.8065,0,0
53,65,53,65,317.775,-82.8313,0,0
53,66,53,66,349.451,-94.8592,0,0
53,67,53,67,380.007,-87.2837,0,0
53,68,53,68,403.767,-120.923,1,0
53,69,53,69,427.619,-118.399,1,0
53,70,53,70,448.447,-123.787,1,0
53,71,53,71,468.722,-113.209,1,0
53,72,53,72,485.603,-106.344,1,0
53,73,53,73,506.187,-105.02,0.8,0
53,74,53,74,532.654,-124.283,1,0
53,75,53,DSO,1194.4,-108.99,1,0
53,76,53,Market,1194.4,-128.739,1,0
54,55,54,55,28.6531,-96.2907,0,0
54,56,54,56,48.0208,-86.0261,0,0
54,57,54,57,67.2012,-86.1126,0,0
54,58,54,58,95.5877,-86.1942,0,0
54,59,54,59,125.607,-86.9463,0,0
54,60,54,60,154.987,-103.896,0.4,0
54,61,54,61,178.933,-99.7883,0.0015,0
54,62,54,62,203.725,-96.0828,0,0
54,63,54,63,229.26,-88.2266,0,0
54,64,54,64,251.984,-103.912,0.4,0
54,65,54,65,283.196,-110.308,1,0
54,66,54,66,314.841,-121.254,1,0
54,67,54,67,345.419,-104.191,0.4,0
54,68,54,68,369.233,-113.979,1,0
54,69,54,69,393.056,-112.823,1,0
54,70,54,70,413.918,-97.3855,0,0
54,71,54,71,434.162,-108.52,1,0
54,72,54,72,451.031,-88.3203,0,0
54,73,54,73,471.621,-124.941,1,0
54,74,54,74,498.113,-93.019,0,0
54,75,54,DSO,1229.05,-102.334,0.03,0
54,76,54,Market,1229.05,-114.542,1,0
55,56,55,56,19.4165,-88.4292,0,1
55,57,55,57,38.9487,-80.1702,0,1
55,58,55,58,67.9412,-100.345,0.0015,1
55,59,55,59,97.6217,-80.0817,0,1
55,60,55,60,127.287,-97.6001,0,1
55,61,55,61,151.743,-82.413,0,1
55,62,55,62,176.082,-91.0434,0,1
55,63,55,63,201.527,-79.2774,0,1
55,64,55,64,224.181,-98.6896,0,1
55,65,55,65,255.345,-82.1221,0,1
55,66,55,66,287.099,-92.557,0,1
55,67,55,67,317.586,-81.9453,0,1
55,68,55,68,341.248,-94.8448,0,1
55,69,55,69,365.141,-97.6295,0,1
55,70,55,70,385.918,-85.6341,0,1
55,71,55,71,406.234,-100.149,0.0015,1
55,72,55,72,423.136,-95.9603,0,1
55,73,55,73,443.708,-90.3897,0,1
55,74,55,74,470.134,-99.3613,0,1
55,75,55,DSO,1256.55,-129.086,1,0
55,76,55,Market,1256.55,-131.807,1,0
56,57,56,57,19.8494,-84.2465,0,1
56,58,56,58,49.2037,-84.5942,0,1
56,59,56,59,78.492,-76.9199,0,1
56,60,56,60,108.301,-83.4984,0,1
56,61,56,61,133.06,-97.5192,0,1
56,62,56,62,157.08,-95.7188,0,1
56,63,56,63,182.455,-94.9768,0,1
56,64,56,64,205.061,-103.648,0.4,1
56,65,56,65,236.191,-83.5913,0,1
56,66,56,66,267.994,-97.112,0,1
56,67,56,67,298.429,-98.7146,0,1
56,68,56,68,322.014,-82.4628,0,1
56,69,56,69,345.938,-97.7299,0,1
56,70,56,70,366.674,-100.714,0.006,1
56,71,56,71,387.021,-99.4046,0.0015,1
56,72,56,72,403.937,-87.8657,0,1
56,73,56,73,424.5,-93.266,0,1
56,74,56,74,450.894,-88.5734,0,1
56,75,56,DSO,1275.63,-132.644,1,0
56,76,56,Market,1275.63,-115.62,1,0
57,58,57,58,29.4109,-72.4313,0,1
57,59,57,59,58.6941,-85.0211,0,1
57,60,57,60,88.459,-94.9131,0,1
57,61,57,61,113.23,-94.4715,0,1
57,62,57,62,137.244,-102.109,0.03,1
57,63,57,63,162.641,-82.1468,0,1
57,64,57,64,185.267,-91.914,0,1
57,65,57,65,216.416,-103.662,0.4,1
57,66,57,66,248.195,-93.9175,0,1
57,67,57,67,278.657,-89.0027,0,1
57,68,57,68,302.3,-103.691,0.4,1
57,69,57,69,326.198,-95.7505,0,1
57,70,57,70,346.97,-88.8788,0,1
57,71,57,71,367.289,-101.735,0.03,1
57,72,57,72,384.194,-101.141,0.006,1
57,73,57,73,404.764,-89.1565,0,1
57,74,57,74,431.186,-87.7205,0,1
57,75,57,DSO,1295.43,-132.662,1,0
57,76,57,Market,1295.43,-100.537,0.006,0
58,59,58,59,30.2324,-68.8316,0,1
58,60,58,60,59.4138,-75.0418,0,1
58,61,58,61,83.8689,-93.8545,0,1
58,62,58,62,108.19,-100.001,0.0015,1
58,63,58,63,133.69,-97.1503,0,1
58,64,58,64,156.4,-92.3311,0,1
58,65,58,65,187.609,-86.9266,0,1
58,66,58,66,219.276,-98.1854,0,1
58,67,58,67,249.834,-98.8906,0,1
58,68,58,68,273.66,-81.7977,0,1
58,69,58,69,297.469,-89.2124,0,1
58,70,58,70,318.347,-102.382,0.15,1
58,71,58,71,338.576,-87.272,0,1
58,72,58,72,355.443,-83.0865,0,1
58,73,58,73,376.033,-96.0317,0,1
58,74,58,74,402.534,-93.8859,0,1
58,75,58,DSO,1324.45,-104.857,0.8,0
58,76,58,Market,1324.45,-103.071,0.15,0
59,60,59,60,30,-67.815,0,1
59,61,59,61,55.5698,-68.4745,0,1
59,62,59,62,78.6448,-69.9965,0,1
59,63,59,63,103.966,-91.6219,0,1
59,64,59,64,126.574,-77.15,0,1
59,65,59,65,157.724,-77.4535,0,1
59,66,59,66,189.505,-87.4859,0,1
59,67,59,67,219.966,-89.6564,0,1
59,68,59,68,243.655,-93.842,0,1
59,69,59,69,267.526,-92.0112,0,1
59,70,59,70,288.335,-91.9936,0,1
59,71,59,71,308.623,-92.251,0,1
59,72,59,72,325.518,-95.2912,0,1
59,73,59,73,346.094,-102.213,0.03,1
59,74,59,74,372.543,-98.3211,0,1
59,75,59,DSO,1354.12,-105.096,0.8,0
59,76,59,Market,1354.12,-122.41,1,0
60,61,60,61,26,-79.4143,0,1
60,62,60,62,48.7955,-85.2888,0,1
60,63,60,63,74.2765,-90.8188,0,1
60,64,60,64,97,-96.74,0,1
60,65,60,65,128.222,-74.0392,0,1
60,66,60,66,159.862,-89.8869,0,1
60,67,60,67,190.434,-90.9752,0,1
60,68,60,68,214.336,-89.7799,0,1
60,69,60,69,238.097,-90.7771,0,1
60,70,60,70,259.023,-85.2713,0,1
60,71,60,71,279.206,-87.0391,0,1
60,72,60,72,296.057,-89.147,0,1
60,73,60,73,316.653,-89.1031,0,1
60,74,60,74,343.185,-96.6364,0,1
60,75,60,DSO,1383.84,-131.928,1,0
60,76,60,Market,1383.84,-114.704,1,0
61,62,61,62,26.4008,-71.4503,0,1
61,63,61,63,51.6236,-82.0431,0,1
61,64,61,64,74.3303,-80.0849,0,1
61,65,61,65,105.437,-94.1933,0,1
61,66,61,66,136.499,-81.7904,0,1
61,67,61,67,167.263,-93.8283,0,1
61,68,61,68,191.604,-101.908,0.03,1
61,69,61,69,215.058,-85.74,0,1
61,70,61,70,236.205,-94.9846,0,1
61,71,61,71,256.125,-90.633,0,1
61,72,61,72,272.855,-100.148,0.0015,1
61,73,61,73,293.471,-103.381,0.4,1
61,74,61,74,320.156,-101.156,0.006,1
61,75,61,DSO,1407.98,-122.287,1,0
61,76,61,Market,1407.98,-133.356,1,0
62,63,62,63,25.6125,-72.2178,0,1
62,64,62,64,48.4149,-71.1034,0,1
62,65,62,65,79.6492,-76.6505,0,1
62,66,62,66,111.126,-97.8857,0,1
62,67,62,67,141.767,-79.6782,0,1
62,68,62,68,165.858,-102.546,0.15,1
62,69,62,69,189.497,-94.5818,0,1
62,70,62,70,210.523,-80.5165,0,1
62,71,62,71,230.601,-98.6423,0,1
62,72,62,72,247.413,-82.0548,0,1
62,73,62,73,268.019,-98.8449,0,1
62,74,62,74,294.613,-85.6483,0,1
62,75,62,DSO,1432.63,-127.069,1,0
62,76,62,Market,1432.63,-95.3368,0,0
63,64,63,64,22.8035,-69.1027,0,1
63,65,63,65,54.037,-103.839,0.4,1
63,66,63,66,85.5862,-85.9815,0,1
63,67,63,67,116.181,-82.5858,0,1
63,68,63,68,140.246,-102.072,0.03,1
63,69,63,69,163.893,-99.3672,0,1
63,70,63,70,184.911,-80.6835,0,1
63,71,63,71,205,-85.0085,0,1
63,72,63,72,221.822,-91.3383,0,1
63,73,63,73,242.425,-85.215,0,1
63,74,63,74,269.007,-89.511,0,1
63,75,63,DSO,1458.07,-119.783,1,0
63,76,63,Market,1458.07,-97.2708,0,0
64,65,64,65,31.241,-99.5645,0.0015,1
64,66,64,66,62.9365,-73.2069,0,1
64,67,64,67,93.4345,-97.5248,0,1
64,68,64,68,117.444,-93.0816,0,1
64,69,64,69,141.113,-88.4601,0,1
64,70,64,70,162.111,-87.4429,0,1
64,71,64,71,182.222,-97.0431,0,1
64,72,64,72,199.06,-102.944,0.15,1
64,73,64,73,219.659,-94.3746,0,1
64,74,64,74,246.221,-96.8889,0,1
64,75,64,DSO,1480.69,-132.07,1,0
64,76,64,Market,1480.69,-113.807,1,0
65,66,65,66,32.0156,-95.607,0,1
65,67,65,67,62.2415,-92.7519,0,1
65,68,65,68,86.2148,-91.6223,0,1
65,69,65,69,109.877,-78.8156,0,1
65,70,65,70,130.874,-74.6046,0,1
65,71,65,71,150.987,-79.1599,0,1
65,72,65,72,167.836,-86.7944,0,1
65,73,65,73,188.43,-77.797,0,1
65,74,65,74,214.981,-85.9812,0,1
65,75,65,DSO,1511.79,-122.246,1,0
65,76,65,Market,1511.79,-111.349,1,0
66,67,66,67,30.8058,-83.5076,0,1
66,68,66,68,55.5698,-74.7968,0,1
66,69,66,69,78.6003,-82.4506,0,1
66,70,66,70,99.8649,-84.3932,0,1
66,71,66,71,119.633,-75.9734,0,1
66,72,66,72,136.36,-80.2014,0,1
66,73,66,73,156.975,-89.7187,0,1
66,74,66,74,183.663,-86.7519,0,1
66,75,66,DSO,1543.62,-134.079,1,0
66,76,66,Market,1543.62,-107.14,1,0
67,68,67,68,25.0799,-59.8245,0,1
67,69,67,69,47.8017,-73.1023,0,1
67,70,67,70,69.0652,-96.5299,0,1
67,71,67,71,88.8651,-74.1684,0,1
67,72,67,72,105.646,-85.7133,0,1
67,73,67,73,126.254,-86.908,0,1
67,74,67,74,152.895,-78.8916,0,1
67,75,67,DSO,1574.02,-121.377,1,0
67,76,67,Market,1574.02,-122.965,1,0
68,69,68,69,24.2074,-94.7191,0,1
68,70,68,70,44.6878,-69.496,0,1
68,71,68,71,65.0538,-73.5837,0,1
68,72,68,72,82.0366,-70.3843,0,1
68,73,68,73,102.533,-94.1842,0,1
68,74,68,74,128.888,-102.97,0.15,1
68,75,68,DSO,1597.38,-132.029,1,0
68,76,68,Market,1597.38,-113.341,1,0
69,70,69,70,21.4709,-92.7315,0,1
69,71,69,71,41.1096,-101.251,0.006,1
69,72,69,72,58,-80.4828,0,1
69,73,69,73,78.5684,-102.173,0.03,1
69,74,69,74,105.119,-73.1962,0,1
69,75,69,DSO,1621.41,-110.564,1,0
69,76,69,Market,1621.41,-127.908,1,0
70,71,70,71,20.8087,-61.765,0,1
70,72,70,72,37.8021,-95.4659,0,1
70,73,70,73,58.0517,-83.5186,0,1
70,74,70,74,84.22,-100.791,0.006,1
70,75,70,DSO,1641.95,-122.769,1,0
70,76,70,Market,1641.95,-103.912,0.4,0
71,72,71,72,17.0294,-88.6113,0,1
71,73,71,73,37.4833,-88.2071,0,1
71,74,71,74,64.0312,-103.704,0.4,1
71,75,71,DSO,1662.43,-109.475,1,0
71,76,71,Market,1662.43,-114.244,1,0
72,73,72,73,20.6155,-92.085,0,1
72,74,72,74,47.4342,-87.511,0,1
72,75,72,DSO,1679.4,-131.6,1,0
72,76,72,Market,1679.4,-116.425,1,0
73,74,73,74,26.9258,-67.5356,0,1
73,75,73,DSO,1699.91,-123.964,1,0
73,76,73,Market,1699.91,-115.397,1,0
74,75,74,DSO,1726.12,-123.734,1,0
74,76,74,Market,1726.12,-104.773,0.8,0
75,76,DSO,Market,0,0,0,0
