3,4,5,6,7,8,9,10,11,12,13,14,15,16,17,18,19,20
0.000000,1.848973,0.490925,0.639697,1.594248,1.264597,1.158852,0.588344,0.758088,0.000000,0.774514,1.580561,0.653060,0.503601,2.160219,0.428601,0.464457,0.429115
0.000000,1.075756,0.736388,0.959546,0.927554,0.859912,0.788007,0.174330,0.224626,0.000000,0.229493,0.919591,0.091125,0.302155,1.256843,0.257156,0.696686,0.257464
0.000000,0.605124,0.908216,1.183445,0.521759,0.934790,0.856623,0.261488,0.336930,0.000000,0.344231,0.517279,0.607502,0.382728,0.706987,0.325729,0.859249,0.326120
0.000000,0.941287,0.760946,0.991547,0.811610,0.758748,0.695301,0.065368,0.084228,0.000000,0.086053,0.804642,0.455627,0.261868,1.099738,0.222869,0.719920,0.223137
0.000000,0.100847,0.662753,0.863597,0.086953,0.125447,0.114957,0.348646,0.449234,0.000000,0.458968,0.086207,0.075932,0.000000,0.117823,0.000000,0.627021,0.000000
0.000000,0.874063,0.613663,0.799630,0.753647,0.580701,0.532143,0.261488,0.336930,0.000000,0.344231,0.747177,0.637878,0.201432,1.021198,0.171433,0.580578,0.171639
0.000000,0.403409,0.540029,0.703681,0.347833,0.125447,0.114957,0.239698,0.308854,0.000000,0.315546,0.344847,0.774560,0.161145,0.471316,0.137146,0.510913,0.137311
0.000000,0.403409,0.540029,0.703681,0.347833,0.428941,0.393073,0.196119,0.252702,0.000000,0.258178,0.344847,0.334126,0.362592,0.471316,0.308592,0.510913,0.308962
0.000000,0.336185,0.662753,0.863597,0.289870,0.125447,0.114957,0.217909,0.280778,0.000000,0.286862,0.287382,0.440434,0.221582,0.392776,0.188582,0.627021,0.188809
0.000000,0.134470,0.711843,0.927563,0.115944,0.833626,0.763918,0.065368,0.084228,0.000000,0.086053,0.114949,0.607502,0.100723,0.157105,0.085723,0.673464,0.085826
0.000000,0.336185,0.736388,0.959546,0.289870,0.378346,0.346709,0.305067,0.393082,0.000000,0.401599,0.287382,0.729003,0.282019,0.392776,0.240018,0.696686,0.240307
0.000000,0.168092,0.810036,1.055513,0.144935,0.455254,0.417186,0.457593,0.589614,0.000000,0.602390,0.143691,0.000000,0.221582,0.196388,0.188582,0.766363,0.188809
0.000000,0.571501,0.687298,0.895580,0.492768,0.252899,0.231751,0.108962,0.140398,0.000000,0.143440,0.488537,0.713810,0.302155,0.667704,0.257156,0.650242,0.257464
0.000000,0.336185,0.270007,0.351832,0.289870,0.404659,0.370821,0.108962,0.140398,0.000000,0.143440,0.287382,0.911254,0.282019,0.392776,0.240018,0.255450,0.240307
0.000000,0.000000,0.368201,0.479782,0.000000,0.327777,0.300368,0.130751,0.168474,0.000000,0.172125,0.000000,0.060750,0.040286,0.000000,0.034287,0.348349,0.034328
0.000000,0.033623,0.368201,0.479782,0.028991,0.354089,0.324480,0.435803,0.561538,0.000000,0.573705,0.028742,0.911254,0.302155,0.039283,0.257156,0.348349,0.257464
0.000000,0.168092,0.220918,0.287866,0.144935,0.000000,0.000000,0.261488,0.336930,0.000000,0.344231,0.143691,0.683435,0.141009,0.196388,0.120009,0.209007,0.120153
0.000000,0.403409,0.049090,0.063966,0.347833,0.327777,0.300368,0.152540,0.196550,0.000000,0.200809,0.344847,0.698628,0.201432,0.471316,0.171433,0.046443,0.171639
0.000000,0.336185,0.171828,0.223899,0.289870,0.176017,0.161298,0.130751,0.168474,0.000000,0.172125,0.287382,0.729003,0.362592,0.392776,0.308592,0.162564,0.308962
0.000000,0.369786,0.343656,0.447799,0.318842,0.580701,0.532143,0.305067,0.393082,0.000000,0.401599,0.316105,0.349308,0.241718,0.432033,0.205720,0.325128,0.205967
0.000000,0.537878,0.294552,0.383815,0.463777,0.202329,0.185411,0.043579,0.056152,0.000000,0.057369,0.459795,1.002379,0.564023,0.628422,0.480025,0.278672,0.480601
0.000000,0.268939,0.196373,0.255882,0.231889,0.910508,0.834371,0.435803,0.561538,0.000000,0.573705,0.229898,0.653060,0.604324,0.314211,0.514324,0.185785,0.514941
0.000000,0.235316,0.196373,0.255882,0.202898,0.884195,0.810259,0.174330,0.224626,0.000000,0.229493,0.201156,1.579495,0.362592,0.274928,0.308592,0.185785,0.308962
0.000000,0.134470,0.000000,0.000000,0.115944,0.809343,0.741666,0.261488,0.336930,0.000000,0.344231,0.114949,0.668253,1.430230,0.157105,1.217230,0.000000,1.218690
0.000000,0.235316,0.024545,0.031983,0.202898,4.704298,4.310926,0.000000,0.000000,0.000000,0.000000,0.201156,0.592309,5.338164,0.274928,4.543165,0.023222,4.548618
0.000000,0.336185,0.147283,0.191916,0.289870,3.945525,3.615601,0.174330,0.224626,0.000000,0.229493,0.287382,2.748932,0.745319,0.392776,0.634321,0.139342,0.635082
0.000000,0.100847,0.270007,0.351832,0.086953,3.338537,3.059369,0.435803,0.561538,0.000000,0.573705,0.086207,2.733750,1.067624,0.117823,0.908626,0.255450,0.909716
0.000000,0.134470,1.423699,1.855143,0.115944,1.972749,1.807788,0.392225,0.505386,0.000000,0.516337,0.114949,2.445181,0.987052,0.157105,0.840052,1.346941,0.841061
0.000000,0.100847,0.981864,1.279412,0.086953,2.630358,2.410408,0.065368,0.084228,0.000000,0.086053,0.086207,1.943997,0.926629,0.117823,0.788629,0.928927,0.789575
0.000000,0.336185,0.319111,0.415816,0.289870,5.968895,5.469777,0.283277,0.365006,0.000000,0.372915,0.287382,2.824875,3.726638,0.392776,3.171639,0.301906,3.175446
0.000000,0.403409,0.171828,0.223899,0.347833,1.946463,1.783700,0.479382,0.617689,0.000000,0.631074,0.344847,1.928815,1.792822,0.471316,1.525821,0.162564,1.527653
0.000000,0.773194,0.147283,0.191916,0.666675,2.047627,1.876405,1.263832,1.628461,0.000000,1.663747,0.660951,2.293316,0.866192,0.903350,0.737193,0.139342,0.738077
0.000000,1.647257,0.220918,0.287866,1.420322,5.007792,4.589042,0.544765,0.701936,0.000000,0.717146,1.408128,6.318003,0.503601,1.924548,0.428601,0.209007,0.429115
0.000000,3.496230,0.196373,0.255882,3.014570,2.175105,1.993223,0.435803,0.561538,0.000000,0.573705,2.988690,8.262000,0.805756,4.084766,0.685757,0.185785,0.686580
0.000000,6.151998,0.245463,0.319849,5.304464,4.249045,3.893740,0.392225,0.505386,0.000000,0.516337,5.258925,8.231625,1.007202,7.187591,0.857202,0.232229,0.858231
0.000000,1.042133,0.638208,0.831613,0.898563,5.639089,5.167549,0.152540,0.196550,0.000000,0.200809,0.890849,6.287628,1.047488,1.217560,0.891488,0.603799,0.892558
0.000000,3.496230,0.932761,1.215428,3.014570,1.592373,1.459219,0.348646,0.449234,0.000000,0.458968,2.988690,3.736118,1.128061,4.084766,0.960062,0.882471,0.961214
0.000000,2.756637,1.129133,1.471311,2.376867,1.491209,1.366514,0.806239,1.038847,0.000000,1.061358,2.356461,4.222120,0.906479,3.220674,0.771479,1.068256,0.772405
0.000000,2.622167,0.932761,1.215428,2.260923,1.618686,1.483332,0.457593,0.589614,0.000000,0.602390,2.241512,5.832001,1.007202,3.063568,0.857202,0.882471,0.858231
0.000000,3.798770,0.908216,1.183445,3.275430,1.719851,1.576037,0.370435,0.477310,0.000000,0.487652,3.247310,3.781686,0.604324,4.438234,0.514324,0.859249,0.514941
0.000000,1.042133,0.957319,1.247429,0.898563,2.579763,2.364044,0.828028,1.066923,0.000000,1.090042,0.890849,4.298063,1.128061,1.217560,0.960062,0.905705,0.961214
0.000000,4.101332,0.908216,1.183445,3.536309,1.719851,1.576037,1.372793,1.768859,0.000000,1.807188,3.505950,6.348378,1.148211,4.791727,0.977211,0.859249,0.978384
0.000000,3.092821,0.810036,1.055513,2.666737,1.517495,1.390603,0.915186,1.179227,0.000000,1.204779,2.643843,6.075002,0.745319,3.613450,0.634321,0.766363,0.635082
0.000000,2.420452,6.603000,8.604000,2.086997,1.821015,1.668742,0.784449,1.010771,0.000000,1.032673,2.069080,4.373996,0.382728,2.827897,0.325729,6.247000,0.326120
0.000000,2.454075,5.154756,6.716874,2.115988,4.222732,3.869628,0.653712,0.842316,0.000000,0.860567,2.097822,1.427620,0.624460,2.867180,0.531461,4.876838,0.532099
0.000000,4.740079,5.032031,6.556958,4.087059,7.739315,7.092155,0.501186,0.645784,0.000000,0.659777,4.051971,1.761746,0.624460,5.537997,0.531461,4.760730,0.532099
0.000000,2.218758,5.179301,6.748857,1.913090,5.537924,5.074844,0.762660,0.982695,0.000000,1.003989,1.896666,2.035122,0.684897,2.592252,0.582897,4.900059,0.583596
0.000000,3.496230,3.043758,3.966151,3.014570,3.642031,3.337485,0.653712,0.842316,0.000000,0.860567,2.988690,2.885626,1.329507,4.084766,1.131507,2.879654,1.132865
0.000000,2.117912,0.859126,1.119479,1.826136,5.689658,5.213890,0.697291,0.898467,0.000000,0.917936,1.810459,1.928815,0.705033,2.474429,0.600034,0.812806,0.600754
0.000000,6.387336,0.932761,1.215428,5.507381,3.642031,3.337485,0.283277,0.365006,0.000000,0.372915,5.460100,2.126248,0.684897,7.462545,0.582897,0.882471,0.583596
0.000000,3.496230,0.932761,1.215428,3.014570,5.335569,4.889409,0.697291,0.898467,0.000000,0.917936,2.988690,4.267688,0.906479,4.084766,0.771479,0.882471,0.772405
0.000000,5.009018,1.153678,1.503294,4.318948,8.144000,7.463000,0.435803,0.561538,0.000000,0.573705,4.281869,3.295684,1.551089,5.852208,1.320089,1.091478,1.321674
0.000000,2.588544,1.350051,1.759176,2.231932,3.743195,3.430190,0.544765,0.701936,0.000000,0.717146,2.212771,3.417185,0.483451,3.024285,0.411452,1.277263,0.411945
0.000000,1.815350,1.423699,1.855143,1.565257,3.615718,3.313372,0.719081,0.926543,0.000000,0.946620,1.551819,3.447560,2.497854,2.120936,2.125855,1.346941,2.128407
0.000000,5.109865,1.300961,1.695210,4.405901,3.743195,3.430190,0.370435,0.477310,0.000000,0.487652,4.368076,3.979119,4.814427,5.970031,4.097427,1.230820,4.102344
0.000000,4.672833,1.300961,1.695210,4.029077,4.779150,4.379519,0.348646,0.449234,0.000000,0.458968,3.994488,4.784065,2.739587,5.459432,2.331587,1.230820,2.334385
0.000000,4.538363,1.546424,2.015059,3.913133,5.537924,5.074844,0.283277,0.365006,0.000000,0.372915,3.879539,4.191745,1.994253,5.302326,1.697254,1.463049,1.699291
0.000000,4.202201,1.448244,1.887126,3.623282,2.984448,2.734889,0.719081,0.926543,0.000000,0.946620,3.592176,3.842436,4.310826,4.909576,3.668826,1.370162,3.673229
0.000000,6.017528,1.202782,1.567278,5.188520,3.463984,3.174326,0.697291,0.898467,0.000000,0.917936,5.143976,3.979119,1.369793,7.030486,1.165794,1.137934,1.167193
0.000000,3.496230,1.300961,1.695210,3.014570,3.716883,3.406078,0.370435,0.477310,0.000000,0.487652,2.988690,5.087805,6.204357,4.084766,5.280358,1.230820,5.286695
0.000000,4.067731,1.448244,1.887126,3.507338,4.198449,3.847376,0.174330,0.224626,0.000000,0.229493,3.477227,4.328438,9.790000,4.752471,8.332000,1.370162,8.342000
0.000000,5.345181,1.300961,1.695210,4.608799,1.214002,1.112487,0.588344,0.758088,0.000000,0.774514,4.569232,2.900808,4.532408,6.244959,3.857408,1.230820,3.862038
0.000000,2.285982,1.227327,1.599261,1.971052,1.035955,0.949329,0.217909,0.280778,0.000000,0.286862,1.954131,3.842436,3.887798,2.670792,3.308798,1.161155,3.312769
0.000000,7.295000,1.251872,1.631244,6.290000,1.517495,1.390603,0.566555,0.730012,0.000000,0.745830,6.236000,3.675379,5.096446,8.523000,4.337445,1.184377,4.342651
0.000000,4.706456,1.055499,1.375361,4.058068,1.315166,1.205192,0.588344,0.758088,0.000000,0.774514,4.023229,4.313245,2.961169,5.498715,2.520170,0.998592,2.523194
0.000000,3.832393,1.202782,1.567278,3.304421,1.214002,1.112487,2.549453,3.284997,0.000000,3.356179,3.276052,3.371627,1.047488,4.477517,0.891488,1.137934,0.892558
0.000000,2.319605,1.104589,1.439328,2.000043,1.693538,1.551925,5.055326,6.513843,0.000000,6.654990,1.982873,3.599435,1.269070,2.710075,1.080071,1.045035,1.081367
0.000000,2.185135,1.497334,1.951092,1.884099,0.985360,0.902964,2.004702,2.583080,0.000000,2.639052,1.867924,3.872811,1.228784,2.552969,1.045784,1.416606,1.047039
0.000000,2.252381,1.521879,1.983075,1.942081,1.568091,1.436967,1.808597,2.330396,0.000000,2.380893,1.925408,3.766493,2.054690,2.631535,1.748690,1.439827,1.750789
0.000000,2.050666,1.448244,1.887126,1.768155,1.466926,1.344262,0.522976,0.673860,0.000000,0.688461,1.752975,4.525871,3.444634,2.395864,2.931633,1.370162,2.935152
0.000000,2.420452,2.037363,2.654774,2.086997,1.416331,1.297897,1.547109,1.993467,0.000000,2.036663,2.069080,4.404371,1.571225,2.827897,1.337227,1.927519,1.338831
0.000000,2.218758,1.251872,1.631244,1.913090,0.833626,0.763918,6.232000,8.030000,0.000000,8.204000,1.896666,4.343620,1.289221,2.592252,1.097220,1.184377,1.098537
0.000000,2.050666,1.890080,2.462857,1.768155,0.910508,0.834371,1.242042,1.600385,0.000000,1.635063,1.752975,3.720936,1.067624,2.395864,0.908626,1.788176,0.909716
0.000000,2.185135,1.497334,1.951092,1.884099,1.112837,1.019782,4.183719,5.390768,0.000000,5.507579,1.867924,5.011873,2.699300,2.552969,2.297300,1.416606,2.300058
0.000000,3.361761,1.840990,2.398891,2.898626,0.758748,0.695301,4.445207,5.727698,0.000000,5.851810,2.873741,4.252495,3.746789,3.927661,3.188789,1.741733,3.192616
0.000000,3.395361,2.331915,3.038588,2.927597,0.833626,0.763918,1.089516,1.403853,0.000000,1.434273,2.902464,3.493128,2.296423,3.966918,1.954422,2.206190,1.956768
0.000000,3.563454,2.209177,2.878655,3.072532,1.035955,0.949329,0.893396,1.151151,0.000000,1.176095,3.046155,2.141441,6.526662,4.163306,5.554663,2.090070,5.561329
0.000000,4.740079,2.184632,2.846672,4.087059,1.011672,0.927076,1.002358,1.291549,0.000000,1.319535,4.051971,2.217373,1.994253,5.537997,1.697254,2.066848,1.699291
0.000000,6.589029,3.338324,4.349984,5.681288,0.910508,0.834371,1.547109,1.993467,0.000000,2.036663,5.632514,3.842436,3.585629,7.698190,3.051630,3.158339,3.055293
0.000000,4.639210,2.135542,2.782706,4.000087,1.011672,0.927076,1.329200,1.712689,0.000000,1.749800,3.965746,2.627432,4.371249,5.420149,3.720250,2.020405,3.724715
0.000000,2.622167,2.503743,3.262488,2.260923,1.770420,1.622378,1.133095,1.460005,0.000000,1.491641,2.241512,2.642625,1.853244,3.063568,1.577245,2.368754,1.579138
0.000000,3.563454,2.184632,2.846672,3.072532,1.035955,0.949329,1.045937,1.347701,0.000000,1.376904,3.046155,3.280502,1.792822,4.163306,1.525821,2.066848,1.527653
0.000000,2.891106,2.037363,2.654774,2.492811,1.163432,1.066146,1.329200,1.712689,0.000000,1.749800,2.471410,2.505931,1.692099,3.377779,1.440099,1.927519,1.441827
0.000000,1.983442,1.865535,2.430874,1.710192,0.833626,0.763918,1.154884,1.488081,0.000000,1.520326,1.695510,2.673000,1.913681,2.317324,1.628681,1.764955,1.630636
0.000000,2.151513,2.601923,3.390420,1.855108,1.011672,0.927076,1.242042,1.600385,0.000000,1.635063,1.839182,2.748932,1.410080,2.513686,1.200080,2.461640,1.201520
0.000000,3.059199,2.430095,3.166521,2.637746,0.961077,0.880712,0.828028,1.066923,0.000000,1.090042,2.615101,3.645003,1.269070,3.574167,1.080071,2.299076,1.081367
0.000000,0.974910,1.939170,2.526823,0.840601,1.163432,1.066146,1.111305,1.431929,0.000000,1.462957,0.833384,2.323691,2.195700,1.139021,1.868700,1.834619,1.870942
0.000000,2.084289,2.233722,2.910638,1.797146,1.669255,1.529673,0.936990,1.207321,0.000000,1.233483,1.781717,2.703375,1.389929,2.435147,1.182931,2.113291,1.184350
0.000000,1.983442,2.184632,2.846672,1.710192,1.187689,1.088375,0.719081,0.926543,0.000000,0.946620,1.695510,2.718557,1.490652,2.317324,1.268653,2.066848,1.270176
0.000000,2.454075,1.791887,2.334907,2.115988,1.264597,1.158852,0.784449,1.010771,0.000000,1.032673,2.097822,2.035122,1.208634,2.867180,1.028635,1.695277,1.029869
0.000000,2.689391,1.693707,2.206975,2.318885,1.264597,1.158852,0.675502,0.870391,0.000000,0.889252,2.298977,1.594688,1.349643,3.142108,1.148644,1.602391,1.150023
0.000000,1.916196,1.620072,2.111026,1.652210,1.440613,1.320150,0.283277,0.365006,0.000000,0.372915,1.638026,1.457995,1.410080,2.238758,1.200080,1.532726,1.201520
0.000000,1.176603,1.620072,2.111026,1.014508,1.669255,1.529673,0.087172,0.112322,0.000000,0.114756,1.005798,1.989565,1.470516,1.374666,1.251516,1.532726,1.253018
0.000000,2.319605,0.957319,1.247429,2.000043,1.744133,1.598289,0.261488,0.336930,0.000000,0.344231,1.982873,0.956811,1.369793,2.710075,1.165794,0.905705,1.167193
0.000000,4.403894,1.914625,2.494840,3.797189,1.821015,1.668742,0.501186,0.645784,0.000000,0.659777,3.764590,1.625063,2.598577,5.145221,2.211578,1.811398,2.214232
0.000000,3.025576,1.350051,1.759176,2.608755,1.719851,1.576037,0.261488,0.336930,0.000000,0.344231,2.586359,0.759378,1.470516,3.534884,1.251516,1.277263,1.253018
