index,my_shape1_temperature,my_shape2_temperature,my_shape3_temperature,my_shape4_temperature,my_shape5_temperature
2026-01-01 00:00:00,19.145222,19.111627,19.110265,19.869621,20.779917
2026-01-01 00:05:00,19.131704,19.15912,19.1588,19.855574,20.572871
2026-01-01 00:10:00,19.116554,19.202898,19.203387,19.830931,20.382068
2026-01-01 00:15:00,19.1,19.242416,19.24342,19.799999,20.209899
2026-01-01 00:20:00,19.083937,19.284192,19.285422,19.753718,20.038592
2026-01-01 00:25:00,19.066013,19.322798,19.324085,19.692534,19.88114
2026-01-01 00:30:00,19.040094,19.339769,19.341051,19.635013,19.786074
2026-01-01 00:35:00,18.975335,19.334148,19.335518,19.5892,19.74652
2026-01-01 00:40:00,18.87853,19.318805,19.320382,19.546383,19.719636
2026-01-01 00:45:00,18.799999,19.296016,19.297836,19.5,19.700001
2026-01-01 00:50:00,18.751962,19.225911,19.226554,19.43317,19.682033
2026-01-01 00:55:00,18.712874,19.099685,19.097821,19.36181,19.667331
2026-01-01 01:00:00,18.682415,18.966216,18.962745,19.32855,19.661241
2026-01-01 01:05:00,18.655398,18.810218,18.808511,19.373,19.72373
2026-01-01 01:10:00,18.632726,18.645388,18.646754,19.45555,19.83978
2026-01-01 01:15:00,18.62321,18.564085,18.565264,19.5,19.902269
2026-01-01 01:20:00,18.625271,18.558246,18.557015,19.470855,19.82056
2026-01-01 01:25:00,18.629098,18.555227,18.552604,19.416729,19.649457
2026-01-01 01:30:00,18.631159,18.55051,18.546256,19.387584,19.5
2026-01-01 01:35:00,18.623081,18.539233,18.533263,19.467659,19.408362
2026-01-01 01:40:00,18.608079,18.521895,18.515047,19.616368,19.329929
2026-01-01 01:45:00,18.6,18.502024,18.495022,19.696443,19.254562
2026-01-01 01:50:00,18.608074,18.481142,18.475584,19.660195,19.17758
2026-01-01 01:55:00,18.623069,18.456172,18.453654,19.580293,19.103337
2026-01-01 02:00:00,18.631142,18.423755,18.424434,19.5,19.035235
2026-01-01 02:05:00,18.623069,18.368335,18.370954,19.436562,18.965288
2026-01-01 02:10:00,18.608074,18.294313,18.297527,19.372725,18.900108
2026-01-01 02:15:00,18.6,18.22826,18.231288,19.299999,18.864989
2026-01-01 02:20:00,18.6,18.169636,18.171755,19.209994,18.854755
2026-01-01 02:25:00,18.6,18.116511,18.117348,19.106656,18.847962
2026-01-01 02:30:00,18.6,18.093363,18.093549,19.0,18.845501
2026-01-01 02:35:00,18.6,18.102787,18.102515,18.886695,18.896706
2026-01-01 02:40:00,18.6,18.124416,18.123217,18.769724,19.013355
2026-01-01 02:45:00,18.6,18.148284,18.146362,18.668577,19.140002
2026-01-01 02:50:00,18.6,18.178548,18.176709,18.591721,19.277295
2026-01-01 02:55:00,18.6,18.212057,18.210784,18.525091,19.42819
2026-01-01 03:00:00,18.6,18.227878,18.22695,18.45438,19.540701
2026-01-01 03:05:00,18.6,18.210666,18.212385,18.353975,19.615774
2026-01-01 03:10:00,18.6,18.178701,18.184679,18.248724,19.675587
2026-01-01 03:15:00,18.6,18.161489,18.167821,18.200001,19.700001
2026-01-01 03:20:00,18.6,18.162979,18.165577,18.250625,19.664036
2026-01-01 03:25:00,18.6,18.165747,18.16437,18.344641,19.597245
2026-01-01 03:30:00,18.6,18.167237,18.16217,18.395265,19.56128
2026-01-01 03:35:00,18.620414,18.153539,18.149021,18.355398,19.569393
2026-01-01 03:40:00,18.659146,18.127161,18.12732,18.272139,19.58446
2026-01-01 03:45:00,18.682429,18.110176,18.113562,18.200001,19.592574
2026-01-01 03:50:00,18.685227,18.106589,18.110579,18.159043,19.568573
2026-01-01 03:55:00,18.686713,18.104401,18.108808,18.124668,19.524001
2026-01-01 04:00:00,18.689434,18.101677,18.106146,18.084402,19.5
2026-01-01 04:05:00,18.705232,18.09812,18.10109,18.024286,19.5
2026-01-01 04:10:00,18.731757,18.093601,18.093051,17.954772,19.5
2026-01-01 04:15:00,18.750265,18.086434,18.0813,17.9,19.5
2026-01-01 04:20:00,18.757961,18.050119,18.042283,17.867277,19.5
2026-01-01 04:25:00,18.763609,17.992163,17.984333,17.841495,19.5
2026-01-01 04:30:00,18.765805,17.961885,17.954549,17.813172,19.5
2026-01-01 04:35:00,18.722818,17.972258,17.966625,17.769274,19.536025
2026-01-01 04:40:00,18.642987,17.999099,17.997448,17.722063,19.602928
2026-01-01 04:45:00,18.6,18.035993,18.038912,17.700001,19.638953
2026-01-01 04:50:00,18.651852,18.107591,18.112183,17.700001,19.609813
2026-01-01 04:55:00,18.748148,18.220744,18.224029,17.700001,19.540123
2026-01-01 05:00:00,18.799999,18.342338,18.344751,17.700001,19.456475
2026-01-01 05:05:00,18.799999,18.482831,18.486831,17.69341,19.348499
2026-01-01 05:10:00,18.799999,18.634153,18.640452,17.67627,19.211914
2026-01-01 05:15:00,18.799999,18.735396,18.742464,17.652529,19.082442
2026-01-01 05:20:00,18.759864,18.783596,18.790498,17.593237,18.960213
2026-01-01 05:25:00,18.682049,18.818214,18.824975,17.505271,18.843975
2026-01-01 05:30:00,18.630442,18.841987,18.846934,17.446319,18.767382
2026-01-01 05:35:00,18.614903,18.857294,18.859185,17.423103,18.73121
2026-01-01 05:40:00,18.604069,18.868568,18.867687,17.406405,18.706018
2026-01-01 05:45:00,18.6,18.881621,18.87821,17.4,18.680128
2026-01-01 05:50:00,18.6,18.901674,18.896316,17.4,18.64592
2026-01-01 05:55:00,18.6,18.924406,18.918098,17.4,18.610963
2026-01-01 06:00:00,18.6,18.941304,18.935114,17.4,18.586366
2026-01-01 06:05:00,18.6,18.949466,18.943948,17.454731,18.575095
2026-01-01 06:10:00,18.6,18.955358,18.950625,17.566194,18.567304
2026-01-01 06:15:00,18.6,18.964528,18.960867,17.65529,18.554879
2026-01-01 06:20:00,18.6,18.993791,18.992907,17.706955,18.506972
2026-01-01 06:25:00,18.6,19.037732,19.040293,17.748902,18.436277
2026-01-01 06:30:00,18.6,19.068551,19.071714,17.766202,18.4
2026-01-01 06:35:00,18.6,19.082651,19.083629,17.749038,18.416793
2026-01-01 06:40:00,18.6,19.093133,19.092136,17.717164,18.44798
2026-01-01 06:45:00,18.6,19.097239,19.095383,17.700001,18.464773
2026-01-01 06:50:00,18.586633,19.090838,19.089673,17.70806,18.397078
2026-01-01 06:55:00,18.553373,19.074434,19.07486,17.723028,18.257987
2026-01-01 07:00:00,18.510485,19.052221,19.054417,17.731087,18.143488
2026-01-01 07:05:00,18.424064,19.006245,19.007963,17.663637,18.077299
2026-01-01 07:10:00,18.309955,18.938378,18.937627,17.533194,18.023101
2026-01-01 07:15:00,18.253054,18.882559,18.880641,17.447622,17.986833
2026-01-01 07:20:00,18.265225,18.842772,18.841893,17.423195,17.965716
2026-01-01 07:25:00,18.287828,18.809197,18.809636,17.406306,17.950338
2026-01-01 07:30:00,18.299999,18.795066,18.796153,17.4,17.936688
2026-01-01 07:35:00,18.222222,18.845433,18.846487,17.43219,17.925741
2026-01-01 07:40:00,18.077778,18.938973,18.939965,17.503288,17.916059
2026-01-01 07:45:00,18.0,18.989341,18.990299,17.575082,17.9
2026-01-01 07:50:00,18.055035,18.964548,18.965615,17.648528,17.820997
2026-01-01 07:55:00,18.157243,18.918503,18.919775,17.722696,17.689858
2026-01-01 08:00:00,18.212278,18.89371,18.895091,17.75654,17.6
2026-01-01 08:05:00,18.157243,18.898305,18.89915,17.739922,17.571629
2026-01-01 08:10:00,18.055035,18.909465,18.909138,17.699557,17.552965
2026-01-01 08:15:00,18.0,18.92325,18.921776,17.649679,17.529456
2026-01-01 08:20:00,18.0,18.947241,18.945585,17.562775,17.487353
2026-01-01 08:25:00,18.0,18.977355,18.976321,17.453645,17.436067
2026-01-01 08:30:00,18.0,18.992157,18.991551,17.4,17.395783
2026-01-01 08:35:00,18.0,18.987199,18.986785,17.4,17.370656
2026-01-01 08:40:00,18.0,18.973975,18.974014,17.4,17.350584
2026-01-01 08:45:00,18.0,18.95496,18.955532,17.4,17.334366
2026-01-01 08:50:00,18.0,18.891254,18.890523,17.407678,17.323477
2026-01-01 08:55:00,18.0,18.794662,18.791346,17.428604,17.314744
2026-01-01 09:00:00,18.0,18.743712,18.740052,17.45961,17.299999
2026-01-01 09:05:00,18.0,18.742075,18.740971,17.572483,17.216032
2026-01-01 09:10:00,18.0,18.741079,18.743681,17.759613,17.081541
2026-01-01 09:15:00,18.0,18.740744,18.748115,17.898735,17.011223
2026-01-01 09:20:00,18.0,18.808904,18.816661,17.954045,17.069894
2026-01-01 09:25:00,18.0,18.972916,18.975392,17.993009,17.222256
2026-01-01 09:30:00,18.0,19.172072,19.169767,18.048261,17.432831
2026-01-01 09:35:00,18.034412,19.423919,19.422603,18.160924,17.831816
2026-01-01 09:40:00,18.098321,19.751604,19.754851,18.321204,18.480059
2026-01-01 09:45:00,18.132734,20.102824,20.109177,18.485365,19.238059
2026-01-01 09:50:00,18.131487,20.490343,20.494748,18.632748,20.139592
2026-01-01 09:55:00,18.129172,20.907442,20.907618,18.784335,21.23356
2026-01-01 10:00:00,18.127925,21.272599,21.27078,18.958852,22.403154
2026-01-01 10:05:00,18.214702,21.535566,21.535161,19.191976,23.810679
2026-01-01 10:10:00,18.406384,21.763892,21.765887,19.460807,25.312051
2026-01-01 10:15:00,18.6,22.052749,22.057244,19.696211,26.330872
2026-01-01 10:20:00,18.77008,22.506266,22.513172,19.859647,26.761799
2026-01-01 10:25:00,18.942167,23.085255,23.094144,20.000984,27.053777
2026-01-01 10:30:00,19.089814,23.669912,23.679244,20.183695,27.461844
2026-01-01 10:35:00,19.221198,24.16893,24.176294,20.465095,28.278626
2026-01-01 10:40:00,19.337103,24.673797,24.677566,20.839001,29.410801
2026-01-01 10:45:00,19.4,25.338892,25.338824,21.273642,30.534488
2026-01-01 10:50:00,19.415588,26.783904,26.780912,21.856874,31.761084
2026-01-01 10:55:00,19.424256,28.63289,28.628137,22.541491,32.9794
2026-01-01 11:00:00,19.440498,29.546789,29.541445,23.093124,33.531674
2026-01-01 11:05:00,19.539678,28.932996,28.927468,23.429067,32.984832
2026-01-01 11:10:00,19.726873,27.793094,27.787226,23.697853,31.877938
2026-01-01 11:15:00,19.911138,27.179301,27.173249,24.011968,31.011436
2026-01-01 11:20:00,20.056604,27.611414,27.607364,24.470934,30.618535
2026-01-01 11:25:00,20.199301,28.613013,28.613166,25.001097,30.321636
2026-01-01 11:30:00,20.356129,29.741989,29.745845,25.455176,30.004971
2026-01-01 11:35:00,20.57842,31.253807,31.259009,25.848937,29.595767
2026-01-01 11:40:00,20.819555,32.966399,32.971429,26.195792,29.162964
2026-01-01 11:45:00,20.949508,33.781354,33.786029,26.344925,28.803361
2026-01-01 11:50:00,20.969983,33.317462,33.318677,26.195745,28.49667
2026-01-01 11:55:00,20.980998,32.311581,32.306347,25.900242,28.231681
2026-01-01 12:00:00,21.0,31.342403,31.333631,25.686475,28.118813
2026-01-01 12:05:00,21.064745,30.499743,30.493597,25.595072,28.241093
2026-01-01 12:10:00,21.176948,29.68913,29.687808,25.526816,28.519396
2026-01-01 12:15:00,21.299999,29.212835,29.213598,25.5,28.82092
2026-01-01 12:20:00,21.417129,29.025245,29.025024,25.660332,29.101762
2026-01-01 12:25:00,21.549324,28.895167,28.894092,25.958092,29.413944
2026-01-01 12:30:00,21.71661,28.846496,28.845057,26.118425,29.768553
2026-01-01 12:35:00,22.028017,28.882621,28.881227,26.033202,30.220709
2026-01-01 12:40:00,22.417355,28.979723,28.978461,25.874932,30.7367
2026-01-01 12:45:00,22.641817,29.120896,29.119842,25.789709,31.194367
2026-01-01 12:50:00,22.695337,29.472897,29.472987,25.956297,31.517696
2026-01-01 12:55:00,22.730732,30.098719,30.10069,26.3338,31.800835
2026-01-01 13:00:00,22.743525,30.825808,30.828795,26.738826,32.17686
2026-01-01 13:05:00,22.6264,31.892054,31.8903,27.162684,33.016276
2026-01-01 13:10:00,22.408883,33.133451,33.124376,27.622326,34.086134
2026-01-01 13:15:00,22.291758,33.774604,33.766128,27.972829,34.614331
2026-01-01 13:20:00,22.444315,33.844816,33.843358,28.22065,34.404203
2026-01-01 13:25:00,22.727635,33.888713,33.891846,28.421474,33.857472
2026-01-01 13:30:00,22.880192,33.903882,33.90866,28.504212,33.099622
2026-01-01 13:35:00,22.80755,33.768848,33.772379,28.132938,31.218483
2026-01-01 13:40:00,22.672643,33.518072,33.519284,27.443429,28.415834
2026-01-01 13:45:00,22.6,33.383038,33.383003,27.072155,26.488087
2026-01-01 13:50:00,22.789957,33.514676,33.514247,27.121292,25.657279
2026-01-01 13:55:00,23.189085,33.759146,33.757987,27.237568,25.048292
2026-01-01 14:00:00,23.541274,33.890783,33.889232,27.374277,24.811811
2026-01-01 14:05:00,23.776403,33.806304,33.803648,27.579524,25.550279
2026-01-01 14:10:00,23.981798,33.591003,33.58577,27.823085,27.364178
2026-01-01 14:15:00,24.137522,33.302084,33.293904,27.94076,29.651247
2026-01-01 14:20:00,24.239493,32.62034,32.610348,27.69959,33.504389
2026-01-01 14:25:00,24.31888,31.675505,31.665044,27.233225,38.574199
2026-01-01 14:30:00,24.408625,31.198199,31.18777,26.927386,42.094954
2026-01-01 14:35:00,24.516632,31.209448,31.202169,26.862603,43.815216
2026-01-01 14:40:00,24.639301,31.230338,31.228909,26.824733,45.098797
2026-01-01 14:45:00,24.792313,31.241587,31.243307,26.757482,45.602847
2026-01-01 14:50:00,25.061399,30.80042,30.802384,26.359581,44.903034
2026-01-01 14:55:00,25.394363,29.878826,29.881163,25.726124,43.213536
2026-01-01 15:00:00,25.6,29.079664,29.081967,25.395361,41.149257
2026-01-01 15:05:00,25.670374,28.559979,28.560665,25.448769,38.074758
2026-01-01 15:10:00,25.719101,28.112998,28.111946,25.563738,34.168629
2026-01-01 15:15:00,25.737314,27.795857,27.796366,25.672385,31.266825
2026-01-01 15:20:00,25.620222,27.567587,27.573267,25.748617,29.621439
2026-01-01 15:25:00,25.349244,27.387937,27.398661,25.819705,28.350042
2026-01-01 15:30:00,25.044827,27.315117,27.328112,25.897807,27.58681
2026-01-01 15:35:00,24.698721,27.636539,27.647151,26.013356,27.157615
2026-01-01 15:40:00,24.30061,28.32902,28.335174,26.138204,26.847079
2026-01-01 15:45:00,23.967846,28.984881,28.988542,26.196644,26.727501
2026-01-01 15:50:00,23.692413,29.455161,29.460383,25.976848,26.898966
2026-01-01 15:55:00,23.454296,29.8954,29.90352,25.568655,27.2174
2026-01-01 16:00:00,23.352846,30.354669,30.363856,25.348859,27.388865
2026-01-01 16:05:00,23.465211,30.972785,30.978158,25.381115,26.59268
2026-01-01 16:10:00,23.673889,31.61247,31.611709,25.44102,25.039231
2026-01-01 16:15:00,23.786254,31.907158,31.903187,25.473277,23.981172
2026-01-01 16:20:00,23.723894,31.864327,31.860028,24.732601,23.686138
2026-01-01 16:25:00,23.576332,31.742953,31.737786,23.35706,23.494668
2026-01-01 16:30:00,23.402839,31.553715,31.54731,22.616384,23.268774
2026-01-01 16:35:00,23.208643,30.236629,30.233767,22.635011,22.910988
2026-01-01 16:40:00,22.965831,27.98914,27.993862,22.686649,22.499648
2026-01-01 16:45:00,22.683973,26.708071,26.715757,22.764931,22.160474
2026-01-01 16:50:00,22.248601,26.58458,26.590787,23.126745,21.889971
2026-01-01 16:55:00,21.748919,26.513302,26.518682,23.738173,21.658926
2026-01-01 17:00:00,21.5,26.446273,26.450194,24.156631,21.554484
2026-01-01 17:05:00,21.488416,26.351685,26.352366,24.28178,21.544262
2026-01-01 17:10:00,21.482856,26.260767,26.257737,24.362246,21.537946
2026-01-01 17:15:00,21.471562,26.220108,26.215306,24.478891,21.535785
2026-01-01 17:20:00,21.336136,26.368315,26.366955,24.788797,21.616718
2026-01-01 17:25:00,21.082716,26.709624,26.715238,25.208758,21.767021
2026-01-01 17:30:00,20.886345,27.08907,27.100164,25.459206,21.847954
2026-01-01 17:35:00,20.780918,27.579404,27.590171,25.523142,21.80464
2026-01-01 17:40:00,20.697751,28.126647,28.133605,25.565926,21.724201
2026-01-01 17:45:00,20.658009,28.38574,28.390334,25.581528,21.680887
2026-01-01 17:50:00,20.651082,28.365646,28.368453,25.364424,21.787696
2026-01-01 17:55:00,20.647529,28.310681,28.309341,24.957739,22.00544
2026-01-01 18:00:00,20.640268,28.228822,28.222796,24.728414,22.180097
2026-01-01 18:05:00,20.525781,27.995886,28.007749,24.716919,22.257924
2026-01-01 18:10:00,20.290414,27.554715,27.611624,24.711332,22.316771
2026-01-01 18:15:00,20.061884,27.01383,27.116961,24.700001,22.4
2026-01-01 18:20:00,19.889759,26.219014,26.361059,24.536407,22.580214
2026-01-01 18:25:00,19.723781,25.2077,25.37469,24.251537,22.833369
2026-01-01 18:30:00,19.54192,24.37587,24.530594,24.1,23.057856
2026-01-01 18:35:00,19.276528,23.741431,23.837839,24.156916,23.242297
2026-01-01 18:40:00,18.99019,23.202332,23.230896,24.268301,23.407471
2026-01-01 18:45:00,18.856228,22.974621,22.970615,24.345114,23.5
2026-01-01 18:50:00,18.913743,22.975044,22.971476,24.37258,23.534251
2026-01-01 18:55:00,19.039301,22.975828,22.973074,24.392319,23.557615
2026-01-01 19:00:00,19.162425,22.97625,22.973934,24.399887,23.566257
2026-01-01 19:05:00,19.257451,22.88907,22.885312,24.291974,23.52057
2026-01-01 19:10:00,19.35021,22.691025,22.68455,24.054528,23.435725
2026-01-01 19:15:00,19.447475,22.477355,22.469303,23.816991,23.390038
2026-01-01 19:20:00,19.577928,22.256825,22.25065,23.611234,23.614324
2026-01-01 19:25:00,19.713575,22.015544,22.013215,23.405385,24.101453
2026-01-01 19:30:00,19.776178,21.814776,21.814966,23.233269,24.57283
2026-01-01 19:35:00,19.756428,21.671547,21.672162,23.091014,25.009531
2026-01-01 19:40:00,19.71975,21.551347,21.551907,22.968567,25.432262
2026-01-01 19:45:00,19.700001,21.438136,21.438438,22.89048,25.621872
2026-01-01 19:50:00,19.700001,21.328155,21.328077,22.856373,25.568075
2026-01-01 19:55:00,19.700001,21.224086,21.223484,22.833974,25.430217
2026-01-01 20:00:00,19.700001,21.119543,21.118407,22.799999,25.2436
2026-01-01 20:05:00,19.700001,21.010013,21.008049,22.719737,24.884611
2026-01-01 20:10:00,19.700001,20.900003,20.897201,22.596484,24.342171
2026-01-01 20:15:00,19.700001,20.79665,20.793991,22.463972,23.820382
2026-01-01 20:20:00,19.700001,20.701684,20.700892,22.329171,23.364692
2026-01-01 20:25:00,19.700001,20.612246,20.613967,22.182489,22.927122
2026-01-01 20:30:00,19.700001,20.528593,20.531733,22.032803,22.571642
2026-01-01 20:35:00,19.703986,20.44842,20.451109,21.876927,22.311767
2026-01-01 20:40:00,19.713678,20.373009,20.374476,21.717853,22.096502
2026-01-01 20:45:00,19.725678,20.307999,20.308539,21.573727,21.893048
2026-01-01 20:50:00,19.746723,20.255745,20.256206,21.45203,21.692495
2026-01-01 20:55:00,19.773213,20.21025,20.210774,21.341459,21.502037
2026-01-01 21:00:00,19.786244,20.164632,20.164533,21.231987,21.313029
2026-01-01 21:05:00,19.763884,20.115641,20.112973,21.113876,21.081038
2026-01-01 21:10:00,19.72236,20.066526,20.060561,20.996832,20.850464
2026-01-01 21:15:00,19.700001,20.020152,20.013058,20.9,20.745916
2026-01-01 21:20:00,19.700001,19.969007,19.964615,20.825591,20.751459
2026-01-01 21:25:00,19.700001,19.920173,19.919832,20.7627,20.761753
2026-01-01 21:30:00,19.700001,19.898395,19.900141,20.710798,20.767296
2026-01-01 21:35:00,19.661696,19.905395,19.907797,20.661369,20.723923
2026-01-01 21:40:00,19.578064,19.921894,19.925659,20.618374,20.643373
2026-01-01 21:45:00,19.496029,19.941144,19.946067,20.6,20.6
2026-01-01 21:50:00,19.434486,19.969426,19.974396,20.6,20.6
2026-01-01 21:55:00,19.37443,20.002699,20.006966,20.6,20.6
2026-01-01 22:00:00,19.305941,20.018731,20.022542,20.6,20.6
2026-01-01 22:05:00,19.226575,19.999729,20.00453,20.595422,20.6
2026-01-01 22:10:00,19.134568,19.957208,19.963881,20.583899,20.6
2026-01-01 22:15:00,19.021013,19.912899,19.920672,20.568751,20.6
2026-01-01 22:20:00,18.814352,19.875883,19.882837,20.536641,20.6
2026-01-01 22:25:00,18.563913,19.836783,19.84179,20.492988,20.6
2026-01-01 22:30:00,18.442117,19.789643,19.792835,20.469241,20.6
2026-01-01 22:35:00,18.456246,19.708584,19.711609,20.466416,20.6
2026-01-01 22:40:00,18.482485,19.6128,19.616373,20.464636,20.6
2026-01-01 22:45:00,18.496614,19.56394,19.56637,20.464017,20.6
2026-01-01 22:50:00,18.487714,19.559835,19.559846,20.499272,20.6
2026-01-01 22:55:00,18.471186,19.557293,19.555732,20.564745,20.6
2026-01-01 23:00:00,18.462286,19.556422,19.554301,20.6,20.6
2026-01-01 23:05:00,18.493993,19.557052,19.555059,20.595848,20.6
2026-01-01 23:10:00,18.556302,19.558839,19.557192,20.58529,20.6
2026-01-01 23:15:00,18.6,19.561632,19.560482,20.571178,20.6
2026-01-01 23:20:00,18.616695,19.582156,19.580945,20.544578,20.6
2026-01-01 23:25:00,18.628855,19.616876,19.614969,20.505563,20.6
2026-01-01 23:30:00,18.633558,19.635238,19.632901,20.470493,20.6
2026-01-01 23:35:00,18.632749,19.617918,19.616789,20.439932,20.6
2026-01-01 23:40:00,18.631246,19.585752,19.586867,20.412133,20.6
2026-01-01 23:45:00,18.630437,19.568432,19.570754,20.4,20.6
2026-01-01 23:50:00,18.656815,19.590406,19.592523,20.426962,20.6
2026-01-01 23:55:00,18.722935,19.649052,19.650396,20.498284,20.6
2026-01-02 00:00:00,19.145222,19.111627,19.110265,19.869621,20.779917
2026-01-02 00:05:00,19.131704,19.15912,19.1588,19.855574,20.572871
2026-01-02 00:10:00,19.116554,19.202898,19.203387,19.830931,20.382068
2026-01-02 00:15:00,19.1,19.242416,19.24342,19.799999,20.209899
2026-01-02 00:20:00,19.083937,19.284192,19.285422,19.753718,20.038592
2026-01-02 00:25:00,19.066013,19.322798,19.324085,19.692534,19.88114
2026-01-02 00:30:00,19.040094,19.339769,19.341051,19.635013,19.786074
2026-01-02 00:35:00,18.975335,19.334148,19.335518,19.5892,19.74652
2026-01-02 00:40:00,18.87853,19.318805,19.320382,19.546383,19.719636
2026-01-02 00:45:00,18.799999,19.296016,19.297836,19.5,19.700001
2026-01-02 00:50:00,18.751962,19.225911,19.226554,19.43317,19.682033
2026-01-02 00:55:00,18.712874,19.099685,19.097821,19.36181,19.667331
2026-01-02 01:00:00,18.682415,18.966216,18.962745,19.32855,19.661241
2026-01-02 01:05:00,18.655398,18.810218,18.808511,19.373,19.72373
2026-01-02 01:10:00,18.632726,18.645388,18.646754,19.45555,19.83978
2026-01-02 01:15:00,18.62321,18.564085,18.565264,19.5,19.902269
2026-01-02 01:20:00,18.625271,18.558246,18.557015,19.470855,19.82056
2026-01-02 01:25:00,18.629098,18.555227,18.552604,19.416729,19.649457
2026-01-02 01:30:00,18.631159,18.55051,18.546256,19.387584,19.5
2026-01-02 01:35:00,18.623081,18.539233,18.533263,19.467659,19.408362
2026-01-02 01:40:00,18.608079,18.521895,18.515047,19.616368,19.329929
2026-01-02 01:45:00,18.6,18.502024,18.495022,19.696443,19.254562
2026-01-02 01:50:00,18.608074,18.481142,18.475584,19.660195,19.17758
2026-01-02 01:55:00,18.623069,18.456172,18.453654,19.580293,19.103337
2026-01-02 02:00:00,18.631142,18.423755,18.424434,19.5,19.035235
2026-01-02 02:05:00,18.623069,18.368335,18.370954,19.436562,18.965288
2026-01-02 02:10:00,18.608074,18.294313,18.297527,19.372725,18.900108
2026-01-02 02:15:00,18.6,18.22826,18.231288,19.299999,18.864989
2026-01-02 02:20:00,18.6,18.169636,18.171755,19.209994,18.854755
2026-01-02 02:25:00,18.6,18.116511,18.117348,19.106656,18.847962
2026-01-02 02:30:00,18.6,18.093363,18.093549,19.0,18.845501
2026-01-02 02:35:00,18.6,18.102787,18.102515,18.886695,18.896706
2026-01-02 02:40:00,18.6,18.124416,18.123217,18.769724,19.013355
2026-01-02 02:45:00,18.6,18.148284,18.146362,18.668577,19.140002
2026-01-02 02:50:00,18.6,18.178548,18.176709,18.591721,19.277295
2026-01-02 02:55:00,18.6,18.212057,18.210784,18.525091,19.42819
2026-01-02 03:00:00,18.6,18.227878,18.22695,18.45438,19.540701
2026-01-02 03:05:00,18.6,18.210666,18.212385,18.353975,19.615774
2026-01-02 03:10:00,18.6,18.178701,18.184679,18.248724,19.675587
2026-01-02 03:15:00,18.6,18.161489,18.167821,18.200001,19.700001
2026-01-02 03:20:00,18.6,18.162979,18.165577,18.250625,19.664036
2026-01-02 03:25:00,18.6,18.165747,18.16437,18.344641,19.597245
2026-01-02 03:30:00,18.6,18.167237,18.16217,18.395265,19.56128
2026-01-02 03:35:00,18.620414,18.153539,18.149021,18.355398,19.569393
2026-01-02 03:40:00,18.659146,18.127161,18.12732,18.272139,19.58446
2026-01-02 03:45:00,18.682429,18.110176,18.113562,18.200001,19.592574
2026-01-02 03:50:00,18.685227,18.106589,18.110579,18.159043,19.568573
2026-01-02 03:55:00,18.686713,18.104401,18.108808,18.124668,19.524001
2026-01-02 04:00:00,18.689434,18.101677,18.106146,18.084402,19.5
2026-01-02 04:05:00,18.705232,18.09812,18.10109,18.024286,19.5
2026-01-02 04:10:00,18.731757,18.093601,18.093051,17.954772,19.5
2026-01-02 04:15:00,18.750265,18.086434,18.0813,17.9,19.5
2026-01-02 04:20:00,18.757961,18.050119,18.042283,17.867277,19.5
2026-01-02 04:25:00,18.763609,17.992163,17.984333,17.841495,19.5
2026-01-02 04:30:00,18.765805,17.961885,17.954549,17.813172,19.5
2026-01-02 04:35:00,18.722818,17.972258,17.966625,17.769274,19.536025
2026-01-02 04:40:00,18.642987,17.999099,17.997448,17.722063,19.602928
2026-01-02 04:45:00,18.6,18.035993,18.038912,17.700001,19.638953
2026-01-02 04:50:00,18.651852,18.107591,18.112183,17.700001,19.609813
2026-01-02 04:55:00,18.748148,18.220744,18.224029,17.700001,19.540123
2026-01-02 05:00:00,18.799999,18.342338,18.344751,17.700001,19.456475
2026-01-02 05:05:00,18.799999,18.482831,18.486831,17.69341,19.348499
2026-01-02 05:10:00,18.799999,18.634153,18.640452,17.67627,19.211914
2026-01-02 05:15:00,18.799999,18.735396,18.742464,17.652529,19.082442
2026-01-02 05:20:00,18.759864,18.783596,18.790498,17.593237,18.960213
2026-01-02 05:25:00,18.682049,18.818214,18.824975,17.505271,18.843975
2026-01-02 05:30:00,18.630442,18.841987,18.846934,17.446319,18.767382
2026-01-02 05:35:00,18.614903,18.857294,18.859185,17.423103,18.73121
2026-01-02 05:40:00,18.604069,18.868568,18.867687,17.406405,18.706018
2026-01-02 05:45:00,18.6,18.881621,18.87821,17.4,18.680128
2026-01-02 05:50:00,18.6,18.901674,18.896316,17.4,18.64592
2026-01-02 05:55:00,18.6,18.924406,18.918098,17.4,18.610963
2026-01-02 06:00:00,18.6,18.941304,18.935114,17.4,18.586366
2026-01-02 06:05:00,18.6,18.949466,18.943948,17.454731,18.575095
2026-01-02 06:10:00,18.6,18.955358,18.950625,17.566194,18.567304
2026-01-02 06:15:00,18.6,18.964528,18.960867,17.65529,18.554879
2026-01-02 06:20:00,18.6,18.993791,18.992907,17.706955,18.506972
2026-01-02 06:25:00,18.6,19.037732,19.040293,17.748902,18.436277
2026-01-02 06:30:00,18.6,19.068551,19.071714,17.766202,18.4
2026-01-02 06:35:00,18.6,19.082651,19.083629,17.749038,18.416793
2026-01-02 06:40:00,18.6,19.093133,19.092136,17.717164,18.44798
2026-01-02 06:45:00,18.6,19.097239,19.095383,17.700001,18.464773
2026-01-02 06:50:00,18.586633,19.090838,19.089673,17.70806,18.397078
2026-01-02 06:55:00,18.553373,19.074434,19.07486,17.723028,18.257987
2026-01-02 07:00:00,18.510485,19.052221,19.054417,17.731087,18.143488
2026-01-02 07:05:00,18.424064,19.006245,19.007963,17.663637,18.077299
2026-01-02 07:10:00,18.309955,18.938378,18.937627,17.533194,18.023101
2026-01-02 07:15:00,18.253054,18.882559,18.880641,17.447622,17.986833
2026-01-02 07:20:00,18.265225,18.842772,18.841893,17.423195,17.965716
2026-01-02 07:25:00,18.287828,18.809197,18.809636,17.406306,17.950338
2026-01-02 07:30:00,18.299999,18.795066,18.796153,17.4,17.936688
2026-01-02 07:35:00,18.222222,18.845433,18.846487,17.43219,17.925741
2026-01-02 07:40:00,18.077778,18.938973,18.939965,17.503288,17.916059
2026-01-02 07:45:00,18.0,18.989341,18.990299,17.575082,17.9
2026-01-02 07:50:00,18.055035,18.964548,18.965615,17.648528,17.820997
2026-01-02 07:55:00,18.157243,18.918503,18.919775,17.722696,17.689858
2026-01-02 08:00:00,18.212278,18.89371,18.895091,17.75654,17.6
2026-01-02 08:05:00,18.157243,18.898305,18.89915,17.739922,17.571629
2026-01-02 08:10:00,18.055035,18.909465,18.909138,17.699557,17.552965
2026-01-02 08:15:00,18.0,18.92325,18.921776,17.649679,17.529456
2026-01-02 08:20:00,18.0,18.947241,18.945585,17.562775,17.487353
2026-01-02 08:25:00,18.0,18.977355,18.976321,17.453645,17.436067
2026-01-02 08:30:00,18.0,18.992157,18.991551,17.4,17.395783
2026-01-02 08:35:00,18.0,18.987199,18.986785,17.4,17.370656
2026-01-02 08:40:00,18.0,18.973975,18.974014,17.4,17.350584
2026-01-02 08:45:00,18.0,18.95496,18.955532,17.4,17.334366
2026-01-02 08:50:00,18.0,18.891254,18.890523,17.407678,17.323477
2026-01-02 08:55:00,18.0,18.794662,18.791346,17.428604,17.314744
2026-01-02 09:00:00,18.0,18.743712,18.740052,17.45961,17.299999
2026-01-02 09:05:00,18.0,18.742075,18.740971,17.572483,17.216032
2026-01-02 09:10:00,18.0,18.741079,18.743681,17.759613,17.081541
2026-01-02 09:15:00,18.0,18.740744,18.748115,17.898735,17.011223
2026-01-02 09:20:00,18.0,18.808904,18.816661,17.954045,17.069894
2026-01-02 09:25:00,18.0,18.972916,18.975392,17.993009,17.222256
2026-01-02 09:30:00,18.0,19.172072,19.169767,18.048261,17.432831
2026-01-02 09:35:00,18.034412,19.423919,19.422603,18.160924,17.831816
2026-01-02 09:40:00,18.098321,19.751604,19.754851,18.321204,18.480059
2026-01-02 09:45:00,18.132734,20.102824,20.109177,18.485365,19.238059
2026-01-02 09:50:00,18.131487,20.490343,20.494748,18.632748,20.139592
2026-01-02 09:55:00,18.129172,20.907442,20.907618,18.784335,21.23356
2026-01-02 10:00:00,18.127925,21.272599,21.27078,18.958852,22.403154
2026-01-02 10:05:00,18.214702,21.535566,21.535161,19.191976,23.810679
2026-01-02 10:10:00,18.406384,21.763892,21.765887,19.460807,25.312051
2026-01-02 10:15:00,18.6,22.052749,22.057244,19.696211,26.330872
2026-01-02 10:20:00,18.77008,22.506266,22.513172,19.859647,26.761799
2026-01-02 10:25:00,18.942167,23.085255,23.094144,20.000984,27.053777
2026-01-02 10:30:00,19.089814,23.669912,23.679244,20.183695,27.461844
2026-01-02 10:35:00,19.221198,24.16893,24.176294,20.465095,28.278626
2026-01-02 10:40:00,19.337103,24.673797,24.677566,20.839001,29.410801
2026-01-02 10:45:00,19.4,25.338892,25.338824,21.273642,30.534488
2026-01-02 10:50:00,19.415588,26.783904,26.780912,21.856874,31.761084
2026-01-02 10:55:00,19.424256,28.63289,28.628137,22.541491,32.9794
2026-01-02 11:00:00,19.440498,29.546789,29.541445,23.093124,33.531674
2026-01-02 11:05:00,19.539678,28.932996,28.927468,23.429067,32.984832
2026-01-02 11:10:00,19.726873,27.793094,27.787226,23.697853,31.877938
2026-01-02 11:15:00,19.911138,27.179301,27.173249,24.011968,31.011436
2026-01-02 11:20:00,20.056604,27.611414,27.607364,24.470934,30.618535
2026-01-02 11:25:00,20.199301,28.613013,28.613166,25.001097,30.321636
2026-01-02 11:30:00,20.356129,29.741989,29.745845,25.455176,30.004971
2026-01-02 11:35:00,20.57842,31.253807,31.259009,25.848937,29.595767
2026-01-02 11:40:00,20.819555,32.966399,32.971429,26.195792,29.162964
2026-01-02 11:45:00,20.949508,33.781354,33.786029,26.344925,28.803361
2026-01-02 11:50:00,20.969983,33.317462,33.318677,26.195745,28.49667
2026-01-02 11:55:00,20.980998,32.311581,32.306347,25.900242,28.231681
2026-01-02 12:00:00,21.0,31.342403,31.333631,25.686475,28.118813
2026-01-02 12:05:00,21.064745,30.499743,30.493597,25.595072,28.241093
2026-01-02 12:10:00,21.176948,29.68913,29.687808,25.526816,28.519396
2026-01-02 12:15:00,21.299999,29.212835,29.213598,25.5,28.82092
2026-01-02 12:20:00,21.417129,29.025245,29.025024,25.660332,29.101762
2026-01-02 12:25:00,21.549324,28.895167,28.894092,25.958092,29.413944
2026-01-02 12:30:00,21.71661,28.846496,28.845057,26.118425,29.768553
2026-01-02 12:35:00,22.028017,28.882621,28.881227,26.033202,30.220709
2026-01-02 12:40:00,22.417355,28.979723,28.978461,25.874932,30.7367
2026-01-02 12:45:00,22.641817,29.120896,29.119842,25.789709,31.194367
2026-01-02 12:50:00,22.695337,29.472897,29.472987,25.956297,31.517696
2026-01-02 12:55:00,22.730732,30.098719,30.10069,26.3338,31.800835
2026-01-02 13:00:00,22.743525,30.825808,30.828795,26.738826,32.17686
2026-01-02 13:05:00,22.6264,31.892054,31.8903,27.162684,33.016276
2026-01-02 13:10:00,22.408883,33.133451,33.124376,27.622326,34.086134
2026-01-02 13:15:00,22.291758,33.774604,33.766128,27.972829,34.614331
2026-01-02 13:20:00,22.444315,33.844816,33.843358,28.22065,34.404203
2026-01-02 13:25:00,22.727635,33.888713,33.891846,28.421474,33.857472
2026-01-02 13:30:00,22.880192,33.903882,33.90866,28.504212,33.099622
2026-01-02 13:35:00,22.80755,33.768848,33.772379,28.132938,31.218483
2026-01-02 13:40:00,22.672643,33.518072,33.519284,27.443429,28.415834
2026-01-02 13:45:00,22.6,33.383038,33.383003,27.072155,26.488087
2026-01-02 13:50:00,22.789957,33.514676,33.514247,27.121292,25.657279
2026-01-02 13:55:00,23.189085,33.759146,33.757987,27.237568,25.048292
2026-01-02 14:00:00,23.541274,33.890783,33.889232,27.374277,24.811811
2026-01-02 14:05:00,23.776403,33.806304,33.803648,27.579524,25.550279
2026-01-02 14:10:00,23.981798,33.591003,33.58577,27.823085,27.364178
2026-01-02 14:15:00,24.137522,33.302084,33.293904,27.94076,29.651247
2026-01-02 14:20:00,24.239493,32.62034,32.610348,27.69959,33.504389
2026-01-02 14:25:00,24.31888,31.675505,31.665044,27.233225,38.574199
2026-01-02 14:30:00,24.408625,31.198199,31.18777,26.927386,42.094954
2026-01-02 14:35:00,24.516632,31.209448,31.202169,26.862603,43.815216
2026-01-02 14:40:00,24.639301,31.230338,31.228909,26.824733,45.098797
2026-01-02 14:45:00,24.792313,31.241587,31.243307,26.757482,45.602847
2026-01-02 14:50:00,25.061399,30.80042,30.802384,26.359581,44.903034
2026-01-02 14:55:00,25.394363,29.878826,29.881163,25.726124,43.213536
2026-01-02 15:00:00,25.6,29.079664,29.081967,25.395361,41.149257
2026-01-02 15:05:00,25.670374,28.559979,28.560665,25.448769,38.074758
2026-01-02 15:10:00,25.719101,28.112998,28.111946,25.563738,34.168629
2026-01-02 15:15:00,25.737314,27.795857,27.796366,25.672385,31.266825
2026-01-02 15:20:00,25.620222,27.567587,27.573267,25.748617,29.621439
2026-01-02 15:25:00,25.349244,27.387937,27.398661,25.819705,28.350042
2026-01-02 15:30:00,25.044827,27.315117,27.328112,25.897807,27.58681
2026-01-02 15:35:00,24.698721,27.636539,27.647151,26.013356,27.157615
2026-01-02 15:40:00,24.30061,28.32902,28.335174,26.138204,26.847079
2026-01-02 15:45:00,23.967846,28.984881,28.988542,26.196644,26.727501
2026-01-02 15:50:00,23.692413,29.455161,29.460383,25.976848,26.898966
2026-01-02 15:55:00,23.454296,29.8954,29.90352,25.568655,27.2174
2026-01-02 16:00:00,23.352846,30.354669,30.363856,25.348859,27.388865
2026-01-02 16:05:00,23.465211,30.972785,30.978158,25.381115,26.59268
2026-01-02 16:10:00,23.673889,31.61247,31.611709,25.44102,25.039231
2026-01-02 16:15:00,23.786254,31.907158,31.903187,25.473277,23.981172
2026-01-02 16:20:00,23.723894,31.864327,31.860028,24.732601,23.686138
2026-01-02 16:25:00,23.576332,31.742953,31.737786,23.35706,23.494668
2026-01-02 16:30:00,23.402839,31.553715,31.54731,22.616384,23.268774
2026-01-02 16:35:00,23.208643,30.236629,30.233767,22.635011,22.910988
2026-01-02 16:40:00,22.965831,27.98914,27.993862,22.686649,22.499648
2026-01-02 16:45:00,22.683973,26.708071,26.715757,22.764931,22.160474
2026-01-02 16:50:00,22.248601,26.58458,26.590787,23.126745,21.889971
2026-01-02 16:55:00,21.748919,26.513302,26.518682,23.738173,21.658926
2026-01-02 17:00:00,21.5,26.446273,26.450194,24.156631,21.554484
2026-01-02 17:05:00,21.488416,26.351685,26.352366,24.28178,21.544262
2026-01-02 17:10:00,21.482856,26.260767,26.257737,24.362246,21.537946
2026-01-02 17:15:00,21.471562,26.220108,26.215306,24.478891,21.535785
2026-01-02 17:20:00,21.336136,26.368315,26.366955,24.788797,21.616718
2026-01-02 17:25:00,21.082716,26.709624,26.715238,25.208758,21.767021
2026-01-02 17:30:00,20.886345,27.08907,27.100164,25.459206,21.847954
2026-01-02 17:35:00,20.780918,27.579404,27.590171,25.523142,21.80464
2026-01-02 17:40:00,20.697751,28.126647,28.133605,25.565926,21.724201
2026-01-02 17:45:00,20.658009,28.38574,28.390334,25.581528,21.680887
2026-01-02 17:50:00,20.651082,28.365646,28.368453,25.364424,21.787696
2026-01-02 17:55:00,20.647529,28.310681,28.309341,24.957739,22.00544
2026-01-02 18:00:00,20.640268,28.228822,28.222796,24.728414,22.180097
2026-01-02 18:05:00,20.525781,27.995886,28.007749,24.716919,22.257924
2026-01-02 18:10:00,20.290414,27.554715,27.611624,24.711332,22.316771
2026-01-02 18:15:00,20.061884,27.01383,27.116961,24.700001,22.4
2026-01-02 18:20:00,19.889759,26.219014,26.361059,24.536407,22.580214
2026-01-02 18:25:00,19.723781,25.2077,25.37469,24.251537,22.833369
2026-01-02 18:30:00,19.54192,24.37587,24.530594,24.1,23.057856
2026-01-02 18:35:00,19.276528,23.741431,23.837839,24.156916,23.242297
2026-01-02 18:40:00,18.99019,23.202332,23.230896,24.268301,23.407471
2026-01-02 18:45:00,18.856228,22.974621,22.970615,24.345114,23.5
2026-01-02 18:50:00,18.913743,22.975044,22.971476,24.37258,23.534251
2026-01-02 18:55:00,19.039301,22.975828,22.973074,24.392319,23.557615
2026-01-02 19:00:00,19.162425,22.97625,22.973934,24.399887,23.566257
2026-01-02 19:05:00,19.257451,22.88907,22.885312,24.291974,23.52057
2026-01-02 19:10:00,19.35021,22.691025,22.68455,24.054528,23.435725
2026-01-02 19:15:00,19.447475,22.477355,22.469303,23.816991,23.390038
2026-01-02 19:20:00,19.577928,22.256825,22.25065,23.611234,23.614324
2026-01-02 19:25:00,19.713575,22.015544,22.013215,23.405385,24.101453
2026-01-02 19:30:00,19.776178,21.814776,21.814966,23.233269,24.57283
2026-01-02 19:35:00,19.756428,21.671547,21.672162,23.091014,25.009531
2026-01-02 19:40:00,19.71975,21.551347,21.551907,22.968567,25.432262
2026-01-02 19:45:00,19.700001,21.438136,21.438438,22.89048,25.621872
2026-01-02 19:50:00,19.700001,21.328155,21.328077,22.856373,25.568075
2026-01-02 19:55:00,19.700001,21.224086,21.223484,22.833974,25.430217
2026-01-02 20:00:00,19.700001,21.119543,21.118407,22.799999,25.2436
2026-01-02 20:05:00,19.700001,21.010013,21.008049,22.719737,24.884611
2026-01-02 20:10:00,19.700001,20.900003,20.897201,22.596484,24.342171
2026-01-02 20:15:00,19.700001,20.79665,20.793991,22.463972,23.820382
2026-01-02 20:20:00,19.700001,20.701684,20.700892,22.329171,23.364692
2026-01-02 20:25:00,19.700001,20.612246,20.613967,22.182489,22.927122
2026-01-02 20:30:00,19.700001,20.528593,20.531733,22.032803,22.571642
2026-01-02 20:35:00,19.703986,20.44842,20.451109,21.876927,22.311767
2026-01-02 20:40:00,19.713678,20.373009,20.374476,21.717853,22.096502
2026-01-02 20:45:00,19.725678,20.307999,20.308539,21.573727,21.893048
2026-01-02 20:50:00,19.746723,20.255745,20.256206,21.45203,21.692495
2026-01-02 20:55:00,19.773213,20.21025,20.210774,21.341459,21.502037
2026-01-02 21:00:00,19.786244,20.164632,20.164533,21.231987,21.313029
2026-01-02 21:05:00,19.763884,20.115641,20.112973,21.113876,21.081038
2026-01-02 21:10:00,19.72236,20.066526,20.060561,20.996832,20.850464
2026-01-02 21:15:00,19.700001,20.020152,20.013058,20.9,20.745916
2026-01-02 21:20:00,19.700001,19.969007,19.964615,20.825591,20.751459
2026-01-02 21:25:00,19.700001,19.920173,19.919832,20.7627,20.761753
2026-01-02 21:30:00,19.700001,19.898395,19.900141,20.710798,20.767296
2026-01-02 21:35:00,19.661696,19.905395,19.907797,20.661369,20.723923
2026-01-02 21:40:00,19.578064,19.921894,19.925659,20.618374,20.643373
2026-01-02 21:45:00,19.496029,19.941144,19.946067,20.6,20.6
2026-01-02 21:50:00,19.434486,19.969426,19.974396,20.6,20.6
2026-01-02 21:55:00,19.37443,20.002699,20.006966,20.6,20.6
2026-01-02 22:00:00,19.305941,20.018731,20.022542,20.6,20.6
2026-01-02 22:05:00,19.226575,19.999729,20.00453,20.595422,20.6
2026-01-02 22:10:00,19.134568,19.957208,19.963881,20.583899,20.6
2026-01-02 22:15:00,19.021013,19.912899,19.920672,20.568751,20.6
2026-01-02 22:20:00,18.814352,19.875883,19.882837,20.536641,20.6
2026-01-02 22:25:00,18.563913,19.836783,19.84179,20.492988,20.6
2026-01-02 22:30:00,18.442117,19.789643,19.792835,20.469241,20.6
2026-01-02 22:35:00,18.456246,19.708584,19.711609,20.466416,20.6
2026-01-02 22:40:00,18.482485,19.6128,19.616373,20.464636,20.6
2026-01-02 22:45:00,18.496614,19.56394,19.56637,20.464017,20.6
2026-01-02 22:50:00,18.487714,19.559835,19.559846,20.499272,20.6
2026-01-02 22:55:00,18.471186,19.557293,19.555732,20.564745,20.6
2026-01-02 23:00:00,18.462286,19.556422,19.554301,20.6,20.6
2026-01-02 23:05:00,18.493993,19.557052,19.555059,20.595848,20.6
2026-01-02 23:10:00,18.556302,19.558839,19.557192,20.58529,20.6
2026-01-02 23:15:00,18.6,19.561632,19.560482,20.571178,20.6
2026-01-02 23:20:00,18.616695,19.582156,19.580945,20.544578,20.6
2026-01-02 23:25:00,18.628855,19.616876,19.614969,20.505563,20.6
2026-01-02 23:30:00,18.633558,19.635238,19.632901,20.470493,20.6
2026-01-02 23:35:00,18.632749,19.617918,19.616789,20.439932,20.6
2026-01-02 23:40:00,18.631246,19.585752,19.586867,20.412133,20.6
2026-01-02 23:45:00,18.630437,19.568432,19.570754,20.4,20.6
2026-01-02 23:50:00,18.656815,19.590406,19.592523,20.426962,20.6
2026-01-02 23:55:00,18.722935,19.649052,19.650396,20.498284,20.6
